StoreID,Date,Opening,Closing
2181,2020-03-28,00:00:00,00:00:00
2181,2020-03-29,00:00:00,00:00:00
2181,2020-03-30,00:00:00,00:00:00
2181,2020-03-31,00:00:00,00:00:00
2181,2020-04-01,00:00:00,00:00:00
2181,2020-04-02,00:00:00,00:00:00
2181,2020-04-03,00:00:00,00:00:00
2181,2020-04-04,00:00:00,00:00:00
2181,2020-04-05,00:00:00,00:00:00
2181,2020-04-06,00:00:00,00:00:00
2181,2020-04-07,00:00:00,00:00:00
2181,2020-04-08,00:00:00,00:00:00
2181,2020-04-09,00:00:00,00:00:00
2181,2020-04-10,00:00:00,00:00:00
2181,2020-04-11,00:00:00,00:00:00
2181,2020-04-12,00:00:00,00:00:00
2181,2020-04-13,00:00:00,00:00:00
2181,2020-04-14,00:00:00,00:00:00
2181,2020-04-15,00:00:00,00:00:00
2181,2020-04-16,00:00:00,00:00:00
2181,2020-04-17,00:00:00,00:00:00
2181,2020-04-18,00:00:00,00:00:00
2181,2020-04-19,00:00:00,00:00:00
2181,2020-04-20,00:00:00,00:00:00
2181,2020-04-21,00:00:00,00:00:00
2181,2020-04-22,00:00:00,00:00:00
2181,2020-04-23,00:00:00,00:00:00
2181,2020-04-24,00:00:00,00:00:00
2181,2020-04-25,00:00:00,00:00:00
2181,2020-04-26,00:00:00,00:00:00
2181,2020-04-27,00:00:00,00:00:00
2181,2020-04-28,00:00:00,00:00:00
2181,2020-04-29,00:00:00,00:00:00
2181,2020-04-30,00:00:00,00:00:00
2181,2020-05-01,00:00:00,00:00:00
2181,2020-05-02,00:00:00,00:00:00
2181,2020-05-03,00:00:00,00:00:00
2181,2020-05-04,00:00:00,00:00:00
2181,2020-05-05,00:00:00,00:00:00
2181,2020-05-06,00:00:00,00:00:00
2181,2020-05-07,00:00:00,00:00:00
2181,2020-05-08,00:00:00,00:00:00
2181,2020-05-09,00:00:00,00:00:00
2181,2020-05-10,00:00:00,00:00:00
2181,2020-05-11,00:00:00,00:00:00
2181,2020-05-12,00:00:00,00:00:00
2181,2020-05-13,00:00:00,00:00:00
2181,2020-05-14,00:00:00,00:00:00
2181,2020-05-15,00:00:00,00:00:00
2181,2020-05-16,00:00:00,00:00:00
2181,2020-05-17,00:00:00,00:00:00
2181,2020-05-18,00:00:00,00:00:00
2181,2020-05-19,00:00:00,00:00:00
2181,2020-05-20,00:00:00,00:00:00
2181,2020-05-21,00:00:00,00:00:00
2181,2020-05-22,00:00:00,00:00:00
2181,2020-05-23,00:00:00,00:00:00
2181,2020-05-24,00:00:00,00:00:00
2181,2020-05-25,00:00:00,00:00:00
2181,2020-05-26,00:00:00,00:00:00
2181,2020-05-27,00:00:00,00:00:00
2181,2020-05-28,00:00:00,00:00:00
2181,2020-05-29,00:00:00,00:00:00
2181,2020-05-30,00:00:00,00:00:00
2181,2020-05-31,00:00:00,00:00:00
2278,2020-03-04,00:00:00,00:00:00
2278,2020-03-05,00:00:00,00:00:00
2278,2020-03-06,00:00:00,00:00:00
2278,2020-03-07,00:00:00,00:00:00
2278,2020-03-08,00:00:00,00:00:00
2278,2020-03-09,00:00:00,00:00:00
2278,2020-03-10,00:00:00,00:00:00
2278,2020-03-11,00:00:00,00:00:00
2278,2020-03-12,00:00:00,00:00:00
2278,2020-03-13,00:00:00,00:00:00
2278,2020-03-14,00:00:00,00:00:00
2278,2020-03-15,00:00:00,00:00:00
2278,2020-03-16,00:00:00,00:00:00
2278,2020-03-17,00:00:00,00:00:00
2278,2020-03-18,00:00:00,00:00:00
2278,2020-03-19,00:00:00,00:00:00
2278,2020-03-20,00:00:00,00:00:00
2278,2020-03-21,00:00:00,00:00:00
2278,2020-03-22,00:00:00,00:00:00
2278,2020-03-23,00:00:00,00:00:00
2278,2020-03-24,00:00:00,00:00:00
2278,2020-03-25,00:00:00,00:00:00
2278,2020-03-26,00:00:00,00:00:00
2278,2020-03-27,00:00:00,00:00:00
2278,2020-03-28,00:00:00,00:00:00
2278,2020-03-29,00:00:00,00:00:00
2278,2020-03-30,00:00:00,00:00:00
2278,2020-03-31,00:00:00,00:00:00
2278,2020-04-01,00:00:00,00:00:00
2278,2020-04-02,00:00:00,00:00:00
2278,2020-04-03,00:00:00,00:00:00
2278,2020-04-04,00:00:00,00:00:00
2278,2020-04-05,00:00:00,00:00:00
2278,2020-04-06,00:00:00,00:00:00
2278,2020-04-07,00:00:00,00:00:00
2278,2020-04-08,00:00:00,00:00:00
2278,2020-04-09,00:00:00,00:00:00
2278,2020-04-10,00:00:00,00:00:00
2278,2020-04-11,00:00:00,00:00:00
2278,2020-04-12,00:00:00,00:00:00
2278,2020-04-13,00:00:00,00:00:00
2278,2020-04-14,00:00:00,00:00:00
2278,2020-04-15,00:00:00,00:00:00
2278,2020-04-16,00:00:00,00:00:00
2278,2020-04-17,00:00:00,00:00:00
2278,2020-04-18,00:00:00,00:00:00
2278,2020-04-19,00:00:00,00:00:00
2278,2020-04-20,00:00:00,00:00:00
2278,2020-04-21,00:00:00,00:00:00
2278,2020-04-22,00:00:00,00:00:00
2278,2020-04-23,00:00:00,00:00:00
2278,2020-04-24,00:00:00,00:00:00
2278,2020-04-25,00:00:00,00:00:00
2278,2020-04-26,00:00:00,00:00:00
2278,2020-04-27,00:00:00,00:00:00
2278,2020-04-28,00:00:00,00:00:00
2278,2020-04-29,00:00:00,00:00:00
2278,2020-04-30,00:00:00,00:00:00
2278,2020-05-01,00:00:00,00:00:00
2278,2020-05-02,00:00:00,00:00:00
2278,2020-05-03,00:00:00,00:00:00
2278,2020-05-04,00:00:00,00:00:00
2278,2020-05-05,00:00:00,00:00:00
2278,2020-05-06,00:00:00,00:00:00
2278,2020-05-07,00:00:00,00:00:00
2278,2020-05-08,00:00:00,00:00:00
2278,2020-05-09,00:00:00,00:00:00
2278,2020-05-10,00:00:00,00:00:00
2278,2020-05-11,00:00:00,00:00:00
2278,2020-05-12,00:00:00,00:00:00
2278,2020-05-13,00:00:00,00:00:00
2278,2020-05-14,00:00:00,00:00:00
2278,2020-05-15,00:00:00,00:00:00
2278,2020-05-16,00:00:00,00:00:00
2278,2020-05-17,00:00:00,00:00:00
2278,2020-05-18,00:00:00,00:00:00
2278,2020-05-19,00:00:00,00:00:00
2278,2020-05-20,00:00:00,00:00:00
2278,2020-05-21,00:00:00,00:00:00
2278,2020-05-22,00:00:00,00:00:00
2278,2020-05-23,00:00:00,00:00:00
2278,2020-05-24,00:00:00,00:00:00
2278,2020-05-25,00:00:00,00:00:00
2278,2020-05-26,00:00:00,00:00:00
2278,2020-05-27,00:00:00,00:00:00
2278,2020-05-28,00:00:00,00:00:00
2278,2020-05-29,00:00:00,00:00:00
2278,2020-05-30,00:00:00,00:00:00
2278,2020-05-31,00:00:00,00:00:00
2051,2020-03-05,00:00:00,00:00:00
2051,2020-03-06,00:00:00,00:00:00
2051,2020-03-07,00:00:00,00:00:00
2051,2020-03-08,00:00:00,00:00:00
2051,2020-03-09,00:00:00,00:00:00
2051,2020-03-10,00:00:00,00:00:00
2051,2020-03-11,00:00:00,00:00:00
2051,2020-03-12,00:00:00,00:00:00
2051,2020-03-13,00:00:00,00:00:00
2051,2020-03-14,00:00:00,00:00:00
2051,2020-03-15,00:00:00,00:00:00
2051,2020-03-16,00:00:00,00:00:00
2051,2020-03-17,00:00:00,00:00:00
2051,2020-03-18,00:00:00,00:00:00
2051,2020-03-19,00:00:00,00:00:00
2051,2020-03-20,00:00:00,00:00:00
2051,2020-03-21,00:00:00,00:00:00
2051,2020-03-22,00:00:00,00:00:00
2051,2020-03-23,00:00:00,00:00:00
2051,2020-03-24,00:00:00,00:00:00
2051,2020-03-25,00:00:00,00:00:00
2051,2020-03-26,00:00:00,00:00:00
2051,2020-03-27,00:00:00,00:00:00
2051,2020-03-28,00:00:00,00:00:00
2051,2020-03-29,00:00:00,00:00:00
2051,2020-03-30,00:00:00,00:00:00
2051,2020-03-31,00:00:00,00:00:00
2051,2020-04-01,00:00:00,00:00:00
2051,2020-04-02,00:00:00,00:00:00
2051,2020-04-03,00:00:00,00:00:00
2051,2020-04-04,00:00:00,00:00:00
2051,2020-04-05,00:00:00,00:00:00
2051,2020-04-06,00:00:00,00:00:00
2051,2020-04-07,00:00:00,00:00:00
2051,2020-04-08,00:00:00,00:00:00
2051,2020-04-09,00:00:00,00:00:00
2051,2020-04-10,00:00:00,00:00:00
2051,2020-04-11,00:00:00,00:00:00
2051,2020-04-12,00:00:00,00:00:00
2051,2020-04-13,00:00:00,00:00:00
2051,2020-04-14,00:00:00,00:00:00
2051,2020-04-15,00:00:00,00:00:00
2051,2020-04-16,00:00:00,00:00:00
2051,2020-04-17,00:00:00,00:00:00
2051,2020-04-18,00:00:00,00:00:00
2051,2020-04-19,00:00:00,00:00:00
2051,2020-04-20,00:00:00,00:00:00
2051,2020-04-21,00:00:00,00:00:00
2051,2020-04-22,00:00:00,00:00:00
2051,2020-04-23,00:00:00,00:00:00
2051,2020-04-24,00:00:00,00:00:00
2051,2020-04-25,00:00:00,00:00:00
2051,2020-04-26,00:00:00,00:00:00
2051,2020-04-27,00:00:00,00:00:00
2051,2020-04-28,00:00:00,00:00:00
2051,2020-04-29,00:00:00,00:00:00
2051,2020-04-30,00:00:00,00:00:00
2051,2020-05-01,00:00:00,00:00:00
2051,2020-05-02,00:00:00,00:00:00
2051,2020-05-03,00:00:00,00:00:00
2051,2020-05-04,00:00:00,00:00:00
2051,2020-05-05,00:00:00,00:00:00
2051,2020-05-06,00:00:00,00:00:00
2051,2020-05-07,00:00:00,00:00:00
2051,2020-05-08,00:00:00,00:00:00
2051,2020-05-09,00:00:00,00:00:00
2051,2020-05-10,00:00:00,00:00:00
2051,2020-05-11,00:00:00,00:00:00
2051,2020-05-12,00:00:00,00:00:00
2051,2020-05-13,00:00:00,00:00:00
2051,2020-05-14,00:00:00,00:00:00
2051,2020-05-15,00:00:00,00:00:00
2051,2020-05-16,00:00:00,00:00:00
2051,2020-05-17,00:00:00,00:00:00
2051,2020-05-18,00:00:00,00:00:00
2051,2020-05-19,00:00:00,00:00:00
2051,2020-05-20,00:00:00,00:00:00
2051,2020-05-21,00:00:00,00:00:00
2051,2020-05-22,00:00:00,00:00:00
2051,2020-05-23,00:00:00,00:00:00
2051,2020-05-24,00:00:00,00:00:00
2051,2020-05-25,00:00:00,00:00:00
2051,2020-05-26,00:00:00,00:00:00
2051,2020-05-27,00:00:00,00:00:00
2051,2020-05-28,00:00:00,00:00:00
2051,2020-05-29,00:00:00,00:00:00
2051,2020-05-30,00:00:00,00:00:00
2051,2020-05-31,00:00:00,00:00:00
8001,2020-03-09,00:00:00,00:00:00
8001,2020-03-10,00:00:00,00:00:00
8001,2020-03-11,00:00:00,00:00:00
8001,2020-03-12,00:00:00,00:00:00
8001,2020-03-13,00:00:00,00:00:00
8001,2020-03-14,00:00:00,00:00:00
8001,2020-03-15,00:00:00,00:00:00
8001,2020-03-16,00:00:00,00:00:00
8001,2020-03-17,00:00:00,00:00:00
8001,2020-03-18,00:00:00,00:00:00
8001,2020-03-19,00:00:00,00:00:00
8001,2020-03-20,00:00:00,00:00:00
8001,2020-03-21,00:00:00,00:00:00
8001,2020-03-22,00:00:00,00:00:00
8001,2020-03-23,00:00:00,00:00:00
8001,2020-03-24,00:00:00,00:00:00
8001,2020-03-25,00:00:00,00:00:00
8001,2020-03-26,00:00:00,00:00:00
8001,2020-03-27,00:00:00,00:00:00
8001,2020-03-28,00:00:00,00:00:00
8001,2020-03-29,00:00:00,00:00:00
8001,2020-03-30,00:00:00,00:00:00
8001,2020-03-31,00:00:00,00:00:00
8001,2020-04-01,00:00:00,00:00:00
8001,2020-04-02,00:00:00,00:00:00
8001,2020-04-03,00:00:00,00:00:00
8001,2020-04-04,00:00:00,00:00:00
8001,2020-04-05,00:00:00,00:00:00
8001,2020-04-06,00:00:00,00:00:00
8001,2020-04-07,00:00:00,00:00:00
8001,2020-04-08,00:00:00,00:00:00
8001,2020-04-09,00:00:00,00:00:00
8001,2020-04-10,00:00:00,00:00:00
8001,2020-04-11,00:00:00,00:00:00
8001,2020-04-12,00:00:00,00:00:00
8001,2020-04-13,00:00:00,00:00:00
8001,2020-04-14,00:00:00,00:00:00
8001,2020-04-15,00:00:00,00:00:00
8001,2020-04-16,00:00:00,00:00:00
8001,2020-04-17,00:00:00,00:00:00
8001,2020-04-18,00:00:00,00:00:00
8001,2020-04-19,00:00:00,00:00:00
8001,2020-04-20,00:00:00,00:00:00
8001,2020-04-21,00:00:00,00:00:00
8001,2020-04-22,00:00:00,00:00:00
8001,2020-04-23,00:00:00,00:00:00
8001,2020-04-24,00:00:00,00:00:00
8001,2020-04-25,00:00:00,00:00:00
8001,2020-04-26,00:00:00,00:00:00
8001,2020-04-27,00:00:00,00:00:00
8001,2020-04-28,00:00:00,00:00:00
8001,2020-04-29,00:00:00,00:00:00
8001,2020-04-30,00:00:00,00:00:00
8001,2020-05-01,00:00:00,00:00:00
8001,2020-05-02,00:00:00,00:00:00
8001,2020-05-03,00:00:00,00:00:00
8001,2020-05-04,00:00:00,00:00:00
8001,2020-05-05,00:00:00,00:00:00
8001,2020-05-06,00:00:00,00:00:00
8001,2020-05-07,00:00:00,00:00:00
8001,2020-05-08,00:00:00,00:00:00
8001,2020-05-09,00:00:00,00:00:00
8001,2020-05-10,00:00:00,00:00:00
8001,2020-05-11,00:00:00,00:00:00
8001,2020-05-12,00:00:00,00:00:00
8001,2020-05-13,00:00:00,00:00:00
8001,2020-05-14,00:00:00,00:00:00
8001,2020-05-15,00:00:00,00:00:00
8001,2020-05-16,00:00:00,00:00:00
8001,2020-05-17,00:00:00,00:00:00
8001,2020-05-18,00:00:00,00:00:00
8001,2020-05-19,00:00:00,00:00:00
8001,2020-05-20,00:00:00,00:00:00
8001,2020-05-21,00:00:00,00:00:00
8001,2020-05-22,00:00:00,00:00:00
8001,2020-05-23,00:00:00,00:00:00
8001,2020-05-24,00:00:00,00:00:00
8001,2020-05-25,00:00:00,00:00:00
8001,2020-05-26,00:00:00,00:00:00
8001,2020-05-27,00:00:00,00:00:00
8001,2020-05-28,00:00:00,00:00:00
8001,2020-05-29,00:00:00,00:00:00
8001,2020-05-30,00:00:00,00:00:00
8001,2020-05-31,00:00:00,00:00:00
2289,2020-03-15,00:00:00,00:00:00
2289,2020-03-16,00:00:00,00:00:00
2289,2020-03-17,00:00:00,00:00:00
2289,2020-03-18,00:00:00,00:00:00
2289,2020-03-19,00:00:00,00:00:00
2289,2020-03-20,00:00:00,00:00:00
2289,2020-03-21,00:00:00,00:00:00
2289,2020-03-22,00:00:00,00:00:00
2289,2020-03-23,00:00:00,00:00:00
2289,2020-03-24,00:00:00,00:00:00
2289,2020-03-25,00:00:00,00:00:00
2289,2020-03-26,00:00:00,00:00:00
2289,2020-03-27,00:00:00,00:00:00
2289,2020-03-28,00:00:00,00:00:00
2289,2020-03-29,00:00:00,00:00:00
2289,2020-03-30,00:00:00,00:00:00
2289,2020-03-31,00:00:00,00:00:00
2289,2020-04-01,00:00:00,00:00:00
2289,2020-04-02,00:00:00,00:00:00
2289,2020-04-03,00:00:00,00:00:00
2289,2020-04-04,00:00:00,00:00:00
2289,2020-04-05,00:00:00,00:00:00
2289,2020-04-06,00:00:00,00:00:00
2289,2020-04-07,00:00:00,00:00:00
2289,2020-04-08,00:00:00,00:00:00
2289,2020-04-09,00:00:00,00:00:00
2289,2020-04-10,00:00:00,00:00:00
2289,2020-04-11,00:00:00,00:00:00
2289,2020-04-12,00:00:00,00:00:00
2289,2020-04-13,00:00:00,00:00:00
2289,2020-04-14,00:00:00,00:00:00
2289,2020-04-15,00:00:00,00:00:00
2289,2020-04-16,00:00:00,00:00:00
2289,2020-04-17,00:00:00,00:00:00
2289,2020-04-18,00:00:00,00:00:00
2289,2020-04-19,00:00:00,00:00:00
2289,2020-04-20,00:00:00,00:00:00
2289,2020-04-21,00:00:00,00:00:00
2289,2020-04-22,00:00:00,00:00:00
2289,2020-04-23,00:00:00,00:00:00
2289,2020-04-24,00:00:00,00:00:00
2289,2020-04-25,00:00:00,00:00:00
2289,2020-04-26,00:00:00,00:00:00
2289,2020-04-27,00:00:00,00:00:00
2289,2020-04-28,00:00:00,00:00:00
2289,2020-04-29,00:00:00,00:00:00
2289,2020-04-30,00:00:00,00:00:00
2289,2020-05-01,00:00:00,00:00:00
2289,2020-05-02,00:00:00,00:00:00
2289,2020-05-03,00:00:00,00:00:00
2289,2020-05-04,00:00:00,00:00:00
2289,2020-05-05,00:00:00,00:00:00
2289,2020-05-06,00:00:00,00:00:00
2289,2020-05-07,00:00:00,00:00:00
2289,2020-05-08,00:00:00,00:00:00
2289,2020-05-09,00:00:00,00:00:00
2289,2020-05-10,00:00:00,00:00:00
2289,2020-05-11,00:00:00,00:00:00
2289,2020-05-12,00:00:00,00:00:00
2289,2020-05-13,00:00:00,00:00:00
2289,2020-05-14,00:00:00,00:00:00
2289,2020-05-15,00:00:00,00:00:00
2289,2020-05-16,00:00:00,00:00:00
2289,2020-05-17,00:00:00,00:00:00
2289,2020-05-18,00:00:00,00:00:00
2289,2020-05-19,00:00:00,00:00:00
2289,2020-05-20,00:00:00,00:00:00
2289,2020-05-21,00:00:00,00:00:00
2289,2020-05-22,00:00:00,00:00:00
2289,2020-05-23,00:00:00,00:00:00
2289,2020-05-24,00:00:00,00:00:00
2289,2020-05-25,00:00:00,00:00:00
2289,2020-05-26,00:00:00,00:00:00
2289,2020-05-27,00:00:00,00:00:00
2289,2020-05-28,00:00:00,00:00:00
2289,2020-05-29,00:00:00,00:00:00
2289,2020-05-30,00:00:00,00:00:00
2289,2020-05-31,00:00:00,00:00:00
4132,2020-03-17,00:00:00,00:00:00
4132,2020-03-18,00:00:00,00:00:00
4132,2020-03-19,00:00:00,00:00:00
4132,2020-03-20,00:00:00,00:00:00
4132,2020-03-21,00:00:00,00:00:00
4132,2020-03-22,00:00:00,00:00:00
4132,2020-03-23,00:00:00,00:00:00
4132,2020-03-24,00:00:00,00:00:00
4132,2020-03-25,00:00:00,00:00:00
4132,2020-03-26,00:00:00,00:00:00
4132,2020-03-27,00:00:00,00:00:00
4132,2020-03-28,00:00:00,00:00:00
4132,2020-03-29,00:00:00,00:00:00
4132,2020-03-30,00:00:00,00:00:00
4132,2020-03-31,00:00:00,00:00:00
4132,2020-04-01,00:00:00,00:00:00
4132,2020-04-02,00:00:00,00:00:00
4132,2020-04-03,00:00:00,00:00:00
4132,2020-04-04,00:00:00,00:00:00
4132,2020-04-05,00:00:00,00:00:00
4132,2020-04-06,00:00:00,00:00:00
4132,2020-04-07,00:00:00,00:00:00
4132,2020-04-08,00:00:00,00:00:00
4132,2020-04-09,00:00:00,00:00:00
4132,2020-04-10,00:00:00,00:00:00
4132,2020-04-11,00:00:00,00:00:00
4132,2020-04-12,00:00:00,00:00:00
4132,2020-04-13,00:00:00,00:00:00
4132,2020-04-14,00:00:00,00:00:00
4132,2020-04-15,00:00:00,00:00:00
4132,2020-04-16,00:00:00,00:00:00
4132,2020-04-17,00:00:00,00:00:00
4132,2020-04-18,00:00:00,00:00:00
4132,2020-04-19,00:00:00,00:00:00
4132,2020-04-20,00:00:00,00:00:00
4132,2020-04-21,00:00:00,00:00:00
4132,2020-04-22,00:00:00,00:00:00
4132,2020-04-23,00:00:00,00:00:00
4132,2020-04-24,00:00:00,00:00:00
4132,2020-04-25,00:00:00,00:00:00
4132,2020-04-26,00:00:00,00:00:00
4132,2020-04-27,00:00:00,00:00:00
4132,2020-04-28,00:00:00,00:00:00
4132,2020-04-29,00:00:00,00:00:00
4132,2020-04-30,00:00:00,00:00:00
4132,2020-05-01,00:00:00,00:00:00
4132,2020-05-02,00:00:00,00:00:00
4132,2020-05-03,00:00:00,00:00:00
4132,2020-05-04,00:00:00,00:00:00
4132,2020-05-05,00:00:00,00:00:00
4132,2020-05-06,00:00:00,00:00:00
4132,2020-05-07,00:00:00,00:00:00
4132,2020-05-08,00:00:00,00:00:00
4132,2020-05-09,00:00:00,00:00:00
4132,2020-05-10,00:00:00,00:00:00
4132,2020-05-11,00:00:00,00:00:00
4132,2020-05-12,00:00:00,00:00:00
4132,2020-05-13,00:00:00,00:00:00
4132,2020-05-14,00:00:00,00:00:00
4132,2020-05-15,00:00:00,00:00:00
4132,2020-05-16,00:00:00,00:00:00
4132,2020-05-17,00:00:00,00:00:00
4132,2020-05-18,00:00:00,00:00:00
4132,2020-05-19,00:00:00,00:00:00
4132,2020-05-20,00:00:00,00:00:00
4132,2020-05-21,00:00:00,00:00:00
4132,2020-05-22,00:00:00,00:00:00
4132,2020-05-23,00:00:00,00:00:00
4132,2020-05-24,00:00:00,00:00:00
4132,2020-05-25,00:00:00,00:00:00
4132,2020-05-26,00:00:00,00:00:00
4132,2020-05-27,00:00:00,00:00:00
4132,2020-05-28,00:00:00,00:00:00
4132,2020-05-29,00:00:00,00:00:00
4132,2020-05-30,00:00:00,00:00:00
4132,2020-05-31,00:00:00,00:00:00
3080,2020-03-22,00:00:00,00:00:00
3080,2020-03-23,00:00:00,00:00:00
3080,2020-03-24,00:00:00,00:00:00
3080,2020-03-25,00:00:00,00:00:00
3080,2020-03-26,00:00:00,00:00:00
3080,2020-03-27,00:00:00,00:00:00
3080,2020-03-28,00:00:00,00:00:00
3080,2020-03-29,00:00:00,00:00:00
3080,2020-03-30,00:00:00,00:00:00
3080,2020-03-31,00:00:00,00:00:00
3080,2020-04-01,00:00:00,00:00:00
3080,2020-04-02,00:00:00,00:00:00
3080,2020-04-03,00:00:00,00:00:00
3080,2020-04-04,00:00:00,00:00:00
3080,2020-04-05,00:00:00,00:00:00
3080,2020-04-06,00:00:00,00:00:00
3080,2020-04-07,00:00:00,00:00:00
3080,2020-04-08,00:00:00,00:00:00
3080,2020-04-09,00:00:00,00:00:00
3080,2020-04-10,00:00:00,00:00:00
3080,2020-04-11,00:00:00,00:00:00
3080,2020-04-12,00:00:00,00:00:00
3080,2020-04-13,00:00:00,00:00:00
3080,2020-04-14,00:00:00,00:00:00
3080,2020-04-15,00:00:00,00:00:00
3080,2020-04-16,00:00:00,00:00:00
3080,2020-04-17,00:00:00,00:00:00
3080,2020-04-18,00:00:00,00:00:00
3080,2020-04-19,00:00:00,00:00:00
3080,2020-04-20,00:00:00,00:00:00
3080,2020-04-21,00:00:00,00:00:00
3080,2020-04-22,00:00:00,00:00:00
3080,2020-04-23,00:00:00,00:00:00
3080,2020-04-24,00:00:00,00:00:00
3080,2020-04-25,00:00:00,00:00:00
3080,2020-04-26,00:00:00,00:00:00
3080,2020-04-27,00:00:00,00:00:00
3080,2020-04-28,00:00:00,00:00:00
3080,2020-04-29,00:00:00,00:00:00
3080,2020-04-30,00:00:00,00:00:00
3080,2020-05-01,00:00:00,00:00:00
3080,2020-05-02,00:00:00,00:00:00
3080,2020-05-03,00:00:00,00:00:00
3080,2020-05-04,00:00:00,00:00:00
3080,2020-05-05,00:00:00,00:00:00
3080,2020-05-06,00:00:00,00:00:00
3080,2020-05-07,00:00:00,00:00:00
3080,2020-05-08,00:00:00,00:00:00
3080,2020-05-09,00:00:00,00:00:00
3080,2020-05-10,00:00:00,00:00:00
3080,2020-05-11,00:00:00,00:00:00
3080,2020-05-12,00:00:00,00:00:00
3080,2020-05-13,00:00:00,00:00:00
3080,2020-05-14,00:00:00,00:00:00
3080,2020-05-15,00:00:00,00:00:00
3080,2020-05-16,00:00:00,00:00:00
3080,2020-05-17,00:00:00,00:00:00
3080,2020-05-18,00:00:00,00:00:00
3080,2020-05-19,00:00:00,00:00:00
3080,2020-05-20,00:00:00,00:00:00
3080,2020-05-21,00:00:00,00:00:00
3080,2020-05-22,00:00:00,00:00:00
3080,2020-05-23,00:00:00,00:00:00
3080,2020-05-24,00:00:00,00:00:00
3080,2020-05-25,00:00:00,00:00:00
3080,2020-05-26,00:00:00,00:00:00
3080,2020-05-27,00:00:00,00:00:00
3080,2020-05-28,00:00:00,00:00:00
3080,2020-05-29,00:00:00,00:00:00
3080,2020-05-30,00:00:00,00:00:00
3080,2020-05-31,00:00:00,00:00:00
3090,2020-03-24,00:00:00,00:00:00
3090,2020-03-25,00:00:00,00:00:00
3090,2020-03-26,00:00:00,00:00:00
3090,2020-03-27,00:00:00,00:00:00
3090,2020-03-28,00:00:00,00:00:00
3090,2020-03-29,00:00:00,00:00:00
3090,2020-03-30,00:00:00,00:00:00
3090,2020-03-31,00:00:00,00:00:00
3090,2020-04-01,00:00:00,00:00:00
3090,2020-04-02,00:00:00,00:00:00
3090,2020-04-03,00:00:00,00:00:00
3090,2020-04-04,00:00:00,00:00:00
3090,2020-04-05,00:00:00,00:00:00
3090,2020-04-06,00:00:00,00:00:00
3090,2020-04-07,00:00:00,00:00:00
3090,2020-04-08,00:00:00,00:00:00
3090,2020-04-09,00:00:00,00:00:00
3090,2020-04-10,00:00:00,00:00:00
3090,2020-04-11,00:00:00,00:00:00
3090,2020-04-12,00:00:00,00:00:00
3090,2020-04-13,00:00:00,00:00:00
3090,2020-04-14,00:00:00,00:00:00
3090,2020-04-15,00:00:00,00:00:00
3090,2020-04-16,00:00:00,00:00:00
3090,2020-04-17,00:00:00,00:00:00
3090,2020-04-18,00:00:00,00:00:00
3090,2020-04-19,00:00:00,00:00:00
3090,2020-04-20,00:00:00,00:00:00
3090,2020-04-21,00:00:00,00:00:00
3090,2020-04-22,00:00:00,00:00:00
3090,2020-04-23,00:00:00,00:00:00
3090,2020-04-24,00:00:00,00:00:00
3090,2020-04-25,00:00:00,00:00:00
3090,2020-04-26,00:00:00,00:00:00
3090,2020-04-27,00:00:00,00:00:00
3090,2020-04-28,00:00:00,00:00:00
3090,2020-04-29,00:00:00,00:00:00
3090,2020-04-30,00:00:00,00:00:00
3090,2020-05-01,00:00:00,00:00:00
3090,2020-05-02,00:00:00,00:00:00
3090,2020-05-03,00:00:00,00:00:00
3090,2020-05-04,00:00:00,00:00:00
3090,2020-05-05,00:00:00,00:00:00
3090,2020-05-06,00:00:00,00:00:00
3090,2020-05-07,00:00:00,00:00:00
3090,2020-05-08,00:00:00,00:00:00
3090,2020-05-09,00:00:00,00:00:00
3090,2020-05-10,00:00:00,00:00:00
3090,2020-05-11,00:00:00,00:00:00
3090,2020-05-12,00:00:00,00:00:00
3090,2020-05-13,00:00:00,00:00:00
3090,2020-05-14,00:00:00,00:00:00
3090,2020-05-15,00:00:00,00:00:00
3090,2020-05-16,00:00:00,00:00:00
3090,2020-05-17,00:00:00,00:00:00
3090,2020-05-18,00:00:00,00:00:00
3090,2020-05-19,00:00:00,00:00:00
3090,2020-05-20,00:00:00,00:00:00
3090,2020-05-21,00:00:00,00:00:00
3090,2020-05-22,00:00:00,00:00:00
3090,2020-05-23,00:00:00,00:00:00
3090,2020-05-24,00:00:00,00:00:00
3090,2020-05-25,00:00:00,00:00:00
3090,2020-05-26,00:00:00,00:00:00
3090,2020-05-27,00:00:00,00:00:00
3090,2020-05-28,00:00:00,00:00:00
3090,2020-05-29,00:00:00,00:00:00
3090,2020-05-30,00:00:00,00:00:00
3090,2020-05-31,00:00:00,00:00:00
4136,2020-03-24,00:00:00,00:00:00
4136,2020-03-25,00:00:00,00:00:00
4136,2020-03-26,00:00:00,00:00:00
4136,2020-03-27,00:00:00,00:00:00
4136,2020-03-28,00:00:00,00:00:00
4136,2020-03-29,00:00:00,00:00:00
4136,2020-03-30,00:00:00,00:00:00
4136,2020-03-31,00:00:00,00:00:00
4136,2020-04-01,00:00:00,00:00:00
4136,2020-04-02,00:00:00,00:00:00
4136,2020-04-03,00:00:00,00:00:00
4136,2020-04-04,00:00:00,00:00:00
4136,2020-04-05,00:00:00,00:00:00
4136,2020-04-06,00:00:00,00:00:00
4136,2020-04-07,00:00:00,00:00:00
4136,2020-04-08,00:00:00,00:00:00
4136,2020-04-09,00:00:00,00:00:00
4136,2020-04-10,00:00:00,00:00:00
4136,2020-04-11,00:00:00,00:00:00
4136,2020-04-12,00:00:00,00:00:00
4136,2020-04-13,00:00:00,00:00:00
4136,2020-04-14,00:00:00,00:00:00
4136,2020-04-15,00:00:00,00:00:00
4136,2020-04-16,00:00:00,00:00:00
4136,2020-04-17,00:00:00,00:00:00
4136,2020-04-18,00:00:00,00:00:00
4136,2020-04-19,00:00:00,00:00:00
4136,2020-04-20,00:00:00,00:00:00
4136,2020-04-21,00:00:00,00:00:00
4136,2020-04-22,00:00:00,00:00:00
4136,2020-04-23,00:00:00,00:00:00
4136,2020-04-24,00:00:00,00:00:00
4136,2020-04-25,00:00:00,00:00:00
4136,2020-04-26,00:00:00,00:00:00
4136,2020-04-27,00:00:00,00:00:00
4136,2020-04-28,00:00:00,00:00:00
4136,2020-04-29,00:00:00,00:00:00
4136,2020-04-30,00:00:00,00:00:00
4136,2020-05-01,00:00:00,00:00:00
4136,2020-05-02,00:00:00,00:00:00
4136,2020-05-03,00:00:00,00:00:00
4136,2020-05-04,00:00:00,00:00:00
4136,2020-05-05,00:00:00,00:00:00
4136,2020-05-06,00:00:00,00:00:00
4136,2020-05-07,00:00:00,00:00:00
4136,2020-05-08,00:00:00,00:00:00
4136,2020-05-09,00:00:00,00:00:00
4136,2020-05-10,00:00:00,00:00:00
4136,2020-05-11,00:00:00,00:00:00
4136,2020-05-12,00:00:00,00:00:00
4136,2020-05-13,00:00:00,00:00:00
4136,2020-05-14,00:00:00,00:00:00
4136,2020-05-15,00:00:00,00:00:00
4136,2020-05-16,00:00:00,00:00:00
4136,2020-05-17,00:00:00,00:00:00
4136,2020-05-18,00:00:00,00:00:00
4136,2020-05-19,00:00:00,00:00:00
4136,2020-05-20,00:00:00,00:00:00
4136,2020-05-21,00:00:00,00:00:00
4136,2020-05-22,00:00:00,00:00:00
4136,2020-05-23,00:00:00,00:00:00
4136,2020-05-24,00:00:00,00:00:00
4136,2020-05-25,00:00:00,00:00:00
4136,2020-05-26,00:00:00,00:00:00
4136,2020-05-27,00:00:00,00:00:00
4136,2020-05-28,00:00:00,00:00:00
4136,2020-05-29,00:00:00,00:00:00
4136,2020-05-30,00:00:00,00:00:00
4136,2020-05-31,00:00:00,00:00:00
3026,2020-03-24,00:00:00,00:00:00
3026,2020-03-25,00:00:00,00:00:00
3026,2020-03-26,00:00:00,00:00:00
3026,2020-03-27,00:00:00,00:00:00
3026,2020-03-28,00:00:00,00:00:00
3026,2020-03-29,00:00:00,00:00:00
3026,2020-03-30,00:00:00,00:00:00
3026,2020-03-31,00:00:00,00:00:00
3026,2020-04-01,00:00:00,00:00:00
3026,2020-04-02,00:00:00,00:00:00
3026,2020-04-03,00:00:00,00:00:00
3026,2020-04-04,00:00:00,00:00:00
3026,2020-04-05,00:00:00,00:00:00
3026,2020-04-06,00:00:00,00:00:00
3026,2020-04-07,00:00:00,00:00:00
3026,2020-04-08,00:00:00,00:00:00
3026,2020-04-09,00:00:00,00:00:00
3026,2020-04-10,00:00:00,00:00:00
3026,2020-04-11,00:00:00,00:00:00
3026,2020-04-12,00:00:00,00:00:00
3026,2020-04-13,00:00:00,00:00:00
3026,2020-04-14,00:00:00,00:00:00
3026,2020-04-15,00:00:00,00:00:00
3026,2020-04-16,00:00:00,00:00:00
3026,2020-04-17,00:00:00,00:00:00
3026,2020-04-18,00:00:00,00:00:00
3026,2020-04-19,00:00:00,00:00:00
3026,2020-04-20,00:00:00,00:00:00
3026,2020-04-21,00:00:00,00:00:00
3026,2020-04-22,00:00:00,00:00:00
3026,2020-04-23,00:00:00,00:00:00
3026,2020-04-24,00:00:00,00:00:00
3026,2020-04-25,00:00:00,00:00:00
3026,2020-04-26,00:00:00,00:00:00
3026,2020-04-27,00:00:00,00:00:00
3026,2020-04-28,00:00:00,00:00:00
3026,2020-04-29,00:00:00,00:00:00
3026,2020-04-30,00:00:00,00:00:00
3026,2020-05-01,00:00:00,00:00:00
3026,2020-05-02,00:00:00,00:00:00
3026,2020-05-03,00:00:00,00:00:00
3026,2020-05-04,00:00:00,00:00:00
3026,2020-05-05,00:00:00,00:00:00
3026,2020-05-06,00:00:00,00:00:00
3026,2020-05-07,00:00:00,00:00:00
3026,2020-05-08,00:00:00,00:00:00
3026,2020-05-09,00:00:00,00:00:00
3026,2020-05-10,00:00:00,00:00:00
3026,2020-05-11,00:00:00,00:00:00
3026,2020-05-12,00:00:00,00:00:00
3026,2020-05-13,00:00:00,00:00:00
3026,2020-05-14,00:00:00,00:00:00
3026,2020-05-15,00:00:00,00:00:00
3026,2020-05-16,00:00:00,00:00:00
3026,2020-05-17,00:00:00,00:00:00
3026,2020-05-18,00:00:00,00:00:00
3026,2020-05-19,00:00:00,00:00:00
3026,2020-05-20,00:00:00,00:00:00
3026,2020-05-21,00:00:00,00:00:00
3026,2020-05-22,00:00:00,00:00:00
3026,2020-05-23,00:00:00,00:00:00
3026,2020-05-24,00:00:00,00:00:00
3026,2020-05-25,00:00:00,00:00:00
3026,2020-05-26,00:00:00,00:00:00
3026,2020-05-27,00:00:00,00:00:00
3026,2020-05-28,00:00:00,00:00:00
3026,2020-05-29,00:00:00,00:00:00
3026,2020-05-30,00:00:00,00:00:00
3026,2020-05-31,00:00:00,00:00:00
5373,2020-03-31,00:00:00,00:00:00
5373,2020-04-01,00:00:00,00:00:00
5373,2020-04-02,00:00:00,00:00:00
5373,2020-04-03,00:00:00,00:00:00
5373,2020-04-04,00:00:00,00:00:00
5373,2020-04-05,00:00:00,00:00:00
5373,2020-04-06,00:00:00,00:00:00
5373,2020-04-07,00:00:00,00:00:00
5373,2020-04-08,00:00:00,00:00:00
5373,2020-04-09,00:00:00,00:00:00
5373,2020-04-10,00:00:00,00:00:00
5373,2020-04-11,00:00:00,00:00:00
5373,2020-04-12,00:00:00,00:00:00
5373,2020-04-13,00:00:00,00:00:00
5373,2020-04-14,00:00:00,00:00:00
5373,2020-04-15,00:00:00,00:00:00
5373,2020-04-16,00:00:00,00:00:00
5373,2020-04-17,00:00:00,00:00:00
5373,2020-04-18,00:00:00,00:00:00
5373,2020-04-19,00:00:00,00:00:00
5373,2020-04-20,00:00:00,00:00:00
5373,2020-04-21,00:00:00,00:00:00
5373,2020-04-22,00:00:00,00:00:00
5373,2020-04-23,00:00:00,00:00:00
5373,2020-04-24,00:00:00,00:00:00
5373,2020-04-25,00:00:00,00:00:00
5373,2020-04-26,00:00:00,00:00:00
5373,2020-04-27,00:00:00,00:00:00
5373,2020-04-28,00:00:00,00:00:00
5373,2020-04-29,00:00:00,00:00:00
5373,2020-04-30,00:00:00,00:00:00
5373,2020-05-01,00:00:00,00:00:00
5373,2020-05-02,00:00:00,00:00:00
5373,2020-05-03,00:00:00,00:00:00
5373,2020-05-04,00:00:00,00:00:00
5373,2020-05-05,00:00:00,00:00:00
5373,2020-05-06,00:00:00,00:00:00
5373,2020-05-07,00:00:00,00:00:00
5373,2020-05-08,00:00:00,00:00:00
5373,2020-05-09,00:00:00,00:00:00
5373,2020-05-10,00:00:00,00:00:00
5373,2020-05-11,00:00:00,00:00:00
5373,2020-05-12,00:00:00,00:00:00
5373,2020-05-13,00:00:00,00:00:00
5373,2020-05-14,00:00:00,00:00:00
5373,2020-05-15,00:00:00,00:00:00
5373,2020-05-16,00:00:00,00:00:00
5373,2020-05-17,00:00:00,00:00:00
5373,2020-05-18,00:00:00,00:00:00
5373,2020-05-19,00:00:00,00:00:00
5373,2020-05-20,00:00:00,00:00:00
5373,2020-05-21,00:00:00,00:00:00
5373,2020-05-22,00:00:00,00:00:00
5373,2020-05-23,00:00:00,00:00:00
5373,2020-05-24,00:00:00,00:00:00
5373,2020-05-25,00:00:00,00:00:00
5373,2020-05-26,00:00:00,00:00:00
5373,2020-05-27,00:00:00,00:00:00
5373,2020-05-28,00:00:00,00:00:00
5373,2020-05-29,00:00:00,00:00:00
5373,2020-05-30,00:00:00,00:00:00
5373,2020-05-31,00:00:00,00:00:00
4126,2020-04-09,00:00:00,00:00:00
4126,2020-04-10,00:00:00,00:00:00
4126,2020-04-11,00:00:00,00:00:00
4126,2020-04-12,00:00:00,00:00:00
4126,2020-04-13,00:00:00,00:00:00
4126,2020-04-14,00:00:00,00:00:00
4126,2020-04-15,00:00:00,00:00:00
4126,2020-04-16,00:00:00,00:00:00
4126,2020-04-17,00:00:00,00:00:00
4126,2020-04-18,00:00:00,00:00:00
4126,2020-04-19,00:00:00,00:00:00
4126,2020-04-20,00:00:00,00:00:00
4126,2020-04-21,00:00:00,00:00:00
4126,2020-04-22,00:00:00,00:00:00
4126,2020-04-23,00:00:00,00:00:00
4126,2020-04-24,00:00:00,00:00:00
4126,2020-04-25,00:00:00,00:00:00
4126,2020-04-26,00:00:00,00:00:00
4126,2020-04-27,00:00:00,00:00:00
4126,2020-04-28,00:00:00,00:00:00
4126,2020-04-29,00:00:00,00:00:00
4126,2020-04-30,00:00:00,00:00:00
4126,2020-05-01,00:00:00,00:00:00
4126,2020-05-02,00:00:00,00:00:00
4126,2020-05-03,00:00:00,00:00:00
4126,2020-05-04,00:00:00,00:00:00
4126,2020-05-05,00:00:00,00:00:00
4126,2020-05-06,00:00:00,00:00:00
4126,2020-05-07,00:00:00,00:00:00
4126,2020-05-08,00:00:00,00:00:00
4126,2020-05-09,00:00:00,00:00:00
4126,2020-05-10,00:00:00,00:00:00
4126,2020-05-11,00:00:00,00:00:00
4126,2020-05-12,00:00:00,00:00:00
4126,2020-05-13,00:00:00,00:00:00
4126,2020-05-14,00:00:00,00:00:00
4126,2020-05-15,00:00:00,00:00:00
4126,2020-05-16,00:00:00,00:00:00
4126,2020-05-17,00:00:00,00:00:00
4126,2020-05-18,00:00:00,00:00:00
4126,2020-05-19,00:00:00,00:00:00
4126,2020-05-20,00:00:00,00:00:00
4126,2020-05-21,00:00:00,00:00:00
4126,2020-05-22,00:00:00,00:00:00
4126,2020-05-23,00:00:00,00:00:00
4126,2020-05-24,00:00:00,00:00:00
4126,2020-05-25,00:00:00,00:00:00
4126,2020-05-26,00:00:00,00:00:00
4126,2020-05-27,00:00:00,00:00:00
4126,2020-05-28,00:00:00,00:00:00
4126,2020-05-29,00:00:00,00:00:00
4126,2020-05-30,00:00:00,00:00:00
4126,2020-05-31,00:00:00,00:00:00
2247,2020-04-02,00:00:00,00:00:00
2247,2020-04-03,00:00:00,00:00:00
2247,2020-04-04,00:00:00,00:00:00
2247,2020-04-05,00:00:00,00:00:00
2247,2020-04-06,00:00:00,00:00:00
2247,2020-04-07,00:00:00,00:00:00
2247,2020-04-08,00:00:00,00:00:00
2247,2020-04-09,00:00:00,00:00:00
2247,2020-04-10,00:00:00,00:00:00
2247,2020-04-11,00:00:00,00:00:00
2247,2020-04-12,00:00:00,00:00:00
2247,2020-04-13,00:00:00,00:00:00
2247,2020-04-14,00:00:00,00:00:00
2247,2020-04-15,00:00:00,00:00:00
2247,2020-04-16,00:00:00,00:00:00
2247,2020-04-17,00:00:00,00:00:00
2247,2020-04-18,00:00:00,00:00:00
2247,2020-04-19,00:00:00,00:00:00
2247,2020-04-20,00:00:00,00:00:00
2247,2020-04-21,00:00:00,00:00:00
2247,2020-04-22,00:00:00,00:00:00
2247,2020-04-23,00:00:00,00:00:00
2247,2020-04-24,00:00:00,00:00:00
2247,2020-04-25,00:00:00,00:00:00
2247,2020-04-26,00:00:00,00:00:00
2247,2020-04-27,00:00:00,00:00:00
2247,2020-04-28,00:00:00,00:00:00
2247,2020-04-29,00:00:00,00:00:00
2247,2020-04-30,00:00:00,00:00:00
2247,2020-05-01,00:00:00,00:00:00
2247,2020-05-02,00:00:00,00:00:00
2247,2020-05-03,00:00:00,00:00:00
2247,2020-05-04,00:00:00,00:00:00
2247,2020-05-05,00:00:00,00:00:00
2247,2020-05-06,00:00:00,00:00:00
2247,2020-05-07,00:00:00,00:00:00
2247,2020-05-08,00:00:00,00:00:00
2247,2020-05-09,00:00:00,00:00:00
2247,2020-05-10,00:00:00,00:00:00
2247,2020-05-11,00:00:00,00:00:00
2247,2020-05-12,00:00:00,00:00:00
2247,2020-05-13,00:00:00,00:00:00
2247,2020-05-14,00:00:00,00:00:00
2247,2020-05-15,00:00:00,00:00:00
2247,2020-05-16,00:00:00,00:00:00
2247,2020-05-17,00:00:00,00:00:00
2247,2020-05-18,00:00:00,00:00:00
2247,2020-05-19,00:00:00,00:00:00
2247,2020-05-20,00:00:00,00:00:00
2247,2020-05-21,00:00:00,00:00:00
2247,2020-05-22,00:00:00,00:00:00
2247,2020-05-23,00:00:00,00:00:00
2247,2020-05-24,00:00:00,00:00:00
2247,2020-05-25,00:00:00,00:00:00
2247,2020-05-26,00:00:00,00:00:00
2247,2020-05-27,00:00:00,00:00:00
2247,2020-05-28,00:00:00,00:00:00
2247,2020-05-29,00:00:00,00:00:00
2247,2020-05-30,00:00:00,00:00:00
2247,2020-05-31,00:00:00,00:00:00
3086,2020-04-06,00:00:00,00:00:00
3086,2020-04-07,00:00:00,00:00:00
3086,2020-04-08,00:00:00,00:00:00
3086,2020-04-09,00:00:00,00:00:00
3086,2020-04-10,00:00:00,00:00:00
3086,2020-04-11,00:00:00,00:00:00
3086,2020-04-12,00:00:00,00:00:00
3086,2020-04-13,00:00:00,00:00:00
3086,2020-04-14,00:00:00,00:00:00
3086,2020-04-15,00:00:00,00:00:00
3086,2020-04-16,00:00:00,00:00:00
3086,2020-04-17,00:00:00,00:00:00
3086,2020-04-18,00:00:00,00:00:00
3086,2020-04-19,00:00:00,00:00:00
3086,2020-04-20,00:00:00,00:00:00
3086,2020-04-21,00:00:00,00:00:00
3086,2020-04-22,00:00:00,00:00:00
3086,2020-04-23,00:00:00,00:00:00
3086,2020-04-24,00:00:00,00:00:00
3086,2020-04-25,00:00:00,00:00:00
3086,2020-04-26,00:00:00,00:00:00
3086,2020-04-27,00:00:00,00:00:00
3086,2020-04-28,00:00:00,00:00:00
3086,2020-04-29,00:00:00,00:00:00
3086,2020-04-30,00:00:00,00:00:00
3086,2020-05-01,00:00:00,00:00:00
3086,2020-05-02,00:00:00,00:00:00
3086,2020-05-03,00:00:00,00:00:00
3086,2020-05-04,00:00:00,00:00:00
3086,2020-05-05,00:00:00,00:00:00
3086,2020-05-06,00:00:00,00:00:00
3086,2020-05-07,00:00:00,00:00:00
3086,2020-05-08,00:00:00,00:00:00
3086,2020-05-09,00:00:00,00:00:00
3086,2020-05-10,00:00:00,00:00:00
3086,2020-05-11,00:00:00,00:00:00
3086,2020-05-12,00:00:00,00:00:00
3086,2020-05-13,00:00:00,00:00:00
3086,2020-05-14,00:00:00,00:00:00
3086,2020-05-15,00:00:00,00:00:00
3086,2020-05-16,00:00:00,00:00:00
3086,2020-05-17,00:00:00,00:00:00
3086,2020-05-18,00:00:00,00:00:00
3086,2020-05-19,00:00:00,00:00:00
3086,2020-05-20,00:00:00,00:00:00
3086,2020-05-21,00:00:00,00:00:00
3086,2020-05-22,00:00:00,00:00:00
3086,2020-05-23,00:00:00,00:00:00
3086,2020-05-24,00:00:00,00:00:00
3086,2020-05-25,00:00:00,00:00:00
3086,2020-05-26,00:00:00,00:00:00
3086,2020-05-27,00:00:00,00:00:00
3086,2020-05-28,00:00:00,00:00:00
3086,2020-05-29,00:00:00,00:00:00
3086,2020-05-30,00:00:00,00:00:00
3086,2020-05-31,00:00:00,00:00:00
3754,2020-04-07,00:00:00,00:00:00
3754,2020-04-08,00:00:00,00:00:00
3754,2020-04-09,00:00:00,00:00:00
3754,2020-04-10,00:00:00,00:00:00
3754,2020-04-11,00:00:00,00:00:00
3754,2020-04-12,00:00:00,00:00:00
3754,2020-04-13,00:00:00,00:00:00
3754,2020-04-14,00:00:00,00:00:00
3754,2020-04-15,00:00:00,00:00:00
3754,2020-04-16,00:00:00,00:00:00
3754,2020-04-17,00:00:00,00:00:00
3754,2020-04-18,00:00:00,00:00:00
3754,2020-04-19,00:00:00,00:00:00
3754,2020-04-20,00:00:00,00:00:00
3754,2020-04-21,00:00:00,00:00:00
3754,2020-04-22,00:00:00,00:00:00
3754,2020-04-23,00:00:00,00:00:00
3754,2020-04-24,00:00:00,00:00:00
3754,2020-04-25,00:00:00,00:00:00
3754,2020-04-26,00:00:00,00:00:00
3754,2020-04-27,00:00:00,00:00:00
3754,2020-04-28,00:00:00,00:00:00
3754,2020-04-29,00:00:00,00:00:00
3754,2020-04-30,00:00:00,00:00:00
3754,2020-05-01,00:00:00,00:00:00
3754,2020-05-02,00:00:00,00:00:00
3754,2020-05-03,00:00:00,00:00:00
3754,2020-05-04,00:00:00,00:00:00
3754,2020-05-05,00:00:00,00:00:00
3754,2020-05-06,00:00:00,00:00:00
3754,2020-05-07,00:00:00,00:00:00
3754,2020-05-08,00:00:00,00:00:00
3754,2020-05-09,00:00:00,00:00:00
3754,2020-05-10,00:00:00,00:00:00
3754,2020-05-11,00:00:00,00:00:00
3754,2020-05-12,00:00:00,00:00:00
3754,2020-05-13,00:00:00,00:00:00
3754,2020-05-14,00:00:00,00:00:00
3754,2020-05-15,00:00:00,00:00:00
3754,2020-05-16,00:00:00,00:00:00
3754,2020-05-17,00:00:00,00:00:00
3754,2020-05-18,00:00:00,00:00:00
3754,2020-05-19,00:00:00,00:00:00
3754,2020-05-20,00:00:00,00:00:00
3754,2020-05-21,00:00:00,00:00:00
3754,2020-05-22,00:00:00,00:00:00
3754,2020-05-23,00:00:00,00:00:00
3754,2020-05-24,00:00:00,00:00:00
3754,2020-05-25,00:00:00,00:00:00
3754,2020-05-26,00:00:00,00:00:00
3754,2020-05-27,00:00:00,00:00:00
3754,2020-05-28,00:00:00,00:00:00
3754,2020-05-29,00:00:00,00:00:00
3754,2020-05-30,00:00:00,00:00:00
3754,2020-05-31,00:00:00,00:00:00
3751,2020-04-07,00:00:00,00:00:00
3751,2020-04-08,00:00:00,00:00:00
3751,2020-04-09,00:00:00,00:00:00
3751,2020-04-10,00:00:00,00:00:00
3751,2020-04-11,00:00:00,00:00:00
3751,2020-04-12,00:00:00,00:00:00
3751,2020-04-13,00:00:00,00:00:00
3751,2020-04-14,00:00:00,00:00:00
3751,2020-04-15,00:00:00,00:00:00
3751,2020-04-16,00:00:00,00:00:00
3751,2020-04-17,00:00:00,00:00:00
3751,2020-04-18,00:00:00,00:00:00
3751,2020-04-19,00:00:00,00:00:00
3751,2020-04-20,00:00:00,00:00:00
3751,2020-04-21,00:00:00,00:00:00
3751,2020-04-22,00:00:00,00:00:00
3751,2020-04-23,00:00:00,00:00:00
3751,2020-04-24,00:00:00,00:00:00
3751,2020-04-25,00:00:00,00:00:00
3751,2020-04-26,00:00:00,00:00:00
3751,2020-04-27,00:00:00,00:00:00
3751,2020-04-28,00:00:00,00:00:00
3751,2020-04-29,00:00:00,00:00:00
3751,2020-04-30,00:00:00,00:00:00
3751,2020-05-01,00:00:00,00:00:00
3751,2020-05-02,00:00:00,00:00:00
3751,2020-05-03,00:00:00,00:00:00
3751,2020-05-04,00:00:00,00:00:00
3751,2020-05-05,00:00:00,00:00:00
3751,2020-05-06,00:00:00,00:00:00
3751,2020-05-07,00:00:00,00:00:00
3751,2020-05-08,00:00:00,00:00:00
3751,2020-05-09,00:00:00,00:00:00
3751,2020-05-10,00:00:00,00:00:00
3751,2020-05-11,00:00:00,00:00:00
3751,2020-05-12,00:00:00,00:00:00
3751,2020-05-13,00:00:00,00:00:00
3751,2020-05-14,00:00:00,00:00:00
3751,2020-05-15,00:00:00,00:00:00
3751,2020-05-16,00:00:00,00:00:00
3751,2020-05-17,00:00:00,00:00:00
3751,2020-05-18,00:00:00,00:00:00
3751,2020-05-19,00:00:00,00:00:00
3751,2020-05-20,00:00:00,00:00:00
3751,2020-05-21,00:00:00,00:00:00
3751,2020-05-22,00:00:00,00:00:00
3751,2020-05-23,00:00:00,00:00:00
3751,2020-05-24,00:00:00,00:00:00
3751,2020-05-25,00:00:00,00:00:00
3751,2020-05-26,00:00:00,00:00:00
3751,2020-05-27,00:00:00,00:00:00
3751,2020-05-28,00:00:00,00:00:00
3751,2020-05-29,00:00:00,00:00:00
3751,2020-05-30,00:00:00,00:00:00
3751,2020-05-31,00:00:00,00:00:00
3761,2020-04-07,00:00:00,00:00:00
3761,2020-04-08,00:00:00,00:00:00
3761,2020-04-09,00:00:00,00:00:00
3761,2020-04-10,00:00:00,00:00:00
3761,2020-04-11,00:00:00,00:00:00
3761,2020-04-12,00:00:00,00:00:00
3761,2020-04-13,00:00:00,00:00:00
3761,2020-04-14,00:00:00,00:00:00
3761,2020-04-15,00:00:00,00:00:00
3761,2020-04-16,00:00:00,00:00:00
3761,2020-04-17,00:00:00,00:00:00
3761,2020-04-18,00:00:00,00:00:00
3761,2020-04-19,00:00:00,00:00:00
3761,2020-04-20,00:00:00,00:00:00
3761,2020-04-21,00:00:00,00:00:00
3761,2020-04-22,00:00:00,00:00:00
3761,2020-04-23,00:00:00,00:00:00
3761,2020-04-24,00:00:00,00:00:00
3761,2020-04-25,00:00:00,00:00:00
3761,2020-04-26,00:00:00,00:00:00
3761,2020-04-27,00:00:00,00:00:00
3761,2020-04-28,00:00:00,00:00:00
3761,2020-04-29,00:00:00,00:00:00
3761,2020-04-30,00:00:00,00:00:00
3761,2020-05-01,00:00:00,00:00:00
3761,2020-05-02,00:00:00,00:00:00
3761,2020-05-03,00:00:00,00:00:00
3761,2020-05-04,00:00:00,00:00:00
3761,2020-05-05,00:00:00,00:00:00
3761,2020-05-06,00:00:00,00:00:00
3761,2020-05-07,00:00:00,00:00:00
3761,2020-05-08,00:00:00,00:00:00
3761,2020-05-09,00:00:00,00:00:00
3761,2020-05-10,00:00:00,00:00:00
3761,2020-05-11,00:00:00,00:00:00
3761,2020-05-12,00:00:00,00:00:00
3761,2020-05-13,00:00:00,00:00:00
3761,2020-05-14,00:00:00,00:00:00
3761,2020-05-15,00:00:00,00:00:00
3761,2020-05-16,00:00:00,00:00:00
3761,2020-05-17,00:00:00,00:00:00
3761,2020-05-18,00:00:00,00:00:00
3761,2020-05-19,00:00:00,00:00:00
3761,2020-05-20,00:00:00,00:00:00
3761,2020-05-21,00:00:00,00:00:00
3761,2020-05-22,00:00:00,00:00:00
3761,2020-05-23,00:00:00,00:00:00
3761,2020-05-24,00:00:00,00:00:00
3761,2020-05-25,00:00:00,00:00:00
3761,2020-05-26,00:00:00,00:00:00
3761,2020-05-27,00:00:00,00:00:00
3761,2020-05-28,00:00:00,00:00:00
3761,2020-05-29,00:00:00,00:00:00
3761,2020-05-30,00:00:00,00:00:00
3761,2020-05-31,00:00:00,00:00:00
3755,2020-04-07,00:00:00,00:00:00
3755,2020-04-08,00:00:00,00:00:00
3755,2020-04-09,00:00:00,00:00:00
3755,2020-04-10,00:00:00,00:00:00
3755,2020-04-11,00:00:00,00:00:00
3755,2020-04-12,00:00:00,00:00:00
3755,2020-04-13,00:00:00,00:00:00
3755,2020-04-14,00:00:00,00:00:00
3755,2020-04-15,00:00:00,00:00:00
3755,2020-04-16,00:00:00,00:00:00
3755,2020-04-17,00:00:00,00:00:00
3755,2020-04-18,00:00:00,00:00:00
3755,2020-04-19,00:00:00,00:00:00
3755,2020-04-20,00:00:00,00:00:00
3755,2020-04-21,00:00:00,00:00:00
3755,2020-04-22,00:00:00,00:00:00
3755,2020-04-23,00:00:00,00:00:00
3755,2020-04-24,00:00:00,00:00:00
3755,2020-04-25,00:00:00,00:00:00
3755,2020-04-26,00:00:00,00:00:00
3755,2020-04-27,00:00:00,00:00:00
3755,2020-04-28,00:00:00,00:00:00
3755,2020-04-29,00:00:00,00:00:00
3755,2020-04-30,00:00:00,00:00:00
3755,2020-05-01,00:00:00,00:00:00
3755,2020-05-02,00:00:00,00:00:00
3755,2020-05-03,00:00:00,00:00:00
3755,2020-05-04,00:00:00,00:00:00
3755,2020-05-05,00:00:00,00:00:00
3755,2020-05-06,00:00:00,00:00:00
3755,2020-05-07,00:00:00,00:00:00
3755,2020-05-08,00:00:00,00:00:00
3755,2020-05-09,00:00:00,00:00:00
3755,2020-05-10,00:00:00,00:00:00
3755,2020-05-11,00:00:00,00:00:00
3755,2020-05-12,00:00:00,00:00:00
3755,2020-05-13,00:00:00,00:00:00
3755,2020-05-14,00:00:00,00:00:00
3755,2020-05-15,00:00:00,00:00:00
3755,2020-05-16,00:00:00,00:00:00
3755,2020-05-17,00:00:00,00:00:00
3755,2020-05-18,00:00:00,00:00:00
3755,2020-05-19,00:00:00,00:00:00
3755,2020-05-20,00:00:00,00:00:00
3755,2020-05-21,00:00:00,00:00:00
3755,2020-05-22,00:00:00,00:00:00
3755,2020-05-23,00:00:00,00:00:00
3755,2020-05-24,00:00:00,00:00:00
3755,2020-05-25,00:00:00,00:00:00
3755,2020-05-26,00:00:00,00:00:00
3755,2020-05-27,00:00:00,00:00:00
3755,2020-05-28,00:00:00,00:00:00
3755,2020-05-29,00:00:00,00:00:00
3755,2020-05-30,00:00:00,00:00:00
3755,2020-05-31,00:00:00,00:00:00
3722,2020-04-07,00:00:00,00:00:00
3722,2020-04-08,00:00:00,00:00:00
3722,2020-04-09,00:00:00,00:00:00
3722,2020-04-10,00:00:00,00:00:00
3722,2020-04-11,00:00:00,00:00:00
3722,2020-04-12,00:00:00,00:00:00
3722,2020-04-13,00:00:00,00:00:00
3722,2020-04-14,00:00:00,00:00:00
3722,2020-04-15,00:00:00,00:00:00
3722,2020-04-16,00:00:00,00:00:00
3722,2020-04-17,00:00:00,00:00:00
3722,2020-04-18,00:00:00,00:00:00
3722,2020-04-19,00:00:00,00:00:00
3722,2020-04-20,00:00:00,00:00:00
3722,2020-04-21,00:00:00,00:00:00
3722,2020-04-22,00:00:00,00:00:00
3722,2020-04-23,00:00:00,00:00:00
3722,2020-04-24,00:00:00,00:00:00
3722,2020-04-25,00:00:00,00:00:00
3722,2020-04-26,00:00:00,00:00:00
3722,2020-04-27,00:00:00,00:00:00
3722,2020-04-28,00:00:00,00:00:00
3722,2020-04-29,00:00:00,00:00:00
3722,2020-04-30,00:00:00,00:00:00
3722,2020-05-01,00:00:00,00:00:00
3722,2020-05-02,00:00:00,00:00:00
3722,2020-05-03,00:00:00,00:00:00
3722,2020-05-04,00:00:00,00:00:00
3722,2020-05-05,00:00:00,00:00:00
3722,2020-05-06,00:00:00,00:00:00
3722,2020-05-07,00:00:00,00:00:00
3722,2020-05-08,00:00:00,00:00:00
3722,2020-05-09,00:00:00,00:00:00
3722,2020-05-10,00:00:00,00:00:00
3722,2020-05-11,00:00:00,00:00:00
3722,2020-05-12,00:00:00,00:00:00
3722,2020-05-13,00:00:00,00:00:00
3722,2020-05-14,00:00:00,00:00:00
3722,2020-05-15,00:00:00,00:00:00
3722,2020-05-16,00:00:00,00:00:00
3722,2020-05-17,00:00:00,00:00:00
3722,2020-05-18,00:00:00,00:00:00
3722,2020-05-19,00:00:00,00:00:00
3722,2020-05-20,00:00:00,00:00:00
3722,2020-05-21,00:00:00,00:00:00
3722,2020-05-22,00:00:00,00:00:00
3722,2020-05-23,00:00:00,00:00:00
3722,2020-05-24,00:00:00,00:00:00
3722,2020-05-25,00:00:00,00:00:00
3722,2020-05-26,00:00:00,00:00:00
3722,2020-05-27,00:00:00,00:00:00
3722,2020-05-28,00:00:00,00:00:00
3722,2020-05-29,00:00:00,00:00:00
3722,2020-05-30,00:00:00,00:00:00
3722,2020-05-31,00:00:00,00:00:00
2088,2020-04-12,00:00:00,00:00:00
2088,2020-04-13,00:00:00,00:00:00
2088,2020-04-14,00:00:00,00:00:00
2088,2020-04-15,00:00:00,00:00:00
2088,2020-04-16,00:00:00,00:00:00
2088,2020-04-17,00:00:00,00:00:00
2088,2020-04-18,00:00:00,00:00:00
2088,2020-04-19,00:00:00,00:00:00
2088,2020-04-20,00:00:00,00:00:00
2088,2020-04-21,00:00:00,00:00:00
2088,2020-04-22,00:00:00,00:00:00
2088,2020-04-23,00:00:00,00:00:00
2088,2020-04-24,00:00:00,00:00:00
2088,2020-04-25,00:00:00,00:00:00
2088,2020-04-26,00:00:00,00:00:00
2088,2020-04-27,00:00:00,00:00:00
2088,2020-04-28,00:00:00,00:00:00
2088,2020-04-29,00:00:00,00:00:00
2088,2020-04-30,00:00:00,00:00:00
2088,2020-05-01,00:00:00,00:00:00
2088,2020-05-02,00:00:00,00:00:00
2088,2020-05-03,00:00:00,00:00:00
2088,2020-05-04,00:00:00,00:00:00
2088,2020-05-05,00:00:00,00:00:00
2088,2020-05-06,00:00:00,00:00:00
2088,2020-05-07,00:00:00,00:00:00
2088,2020-05-08,00:00:00,00:00:00
2088,2020-05-09,00:00:00,00:00:00
2088,2020-05-10,00:00:00,00:00:00
2088,2020-05-11,00:00:00,00:00:00
2088,2020-05-12,00:00:00,00:00:00
2088,2020-05-13,00:00:00,00:00:00
2088,2020-05-14,00:00:00,00:00:00
2088,2020-05-15,00:00:00,00:00:00
2088,2020-05-16,00:00:00,00:00:00
2088,2020-05-17,00:00:00,00:00:00
2088,2020-05-18,00:00:00,00:00:00
2088,2020-05-19,00:00:00,00:00:00
2088,2020-05-20,00:00:00,00:00:00
2088,2020-05-21,00:00:00,00:00:00
2088,2020-05-22,00:00:00,00:00:00
2088,2020-05-23,00:00:00,00:00:00
2088,2020-05-24,00:00:00,00:00:00
2088,2020-05-25,00:00:00,00:00:00
2088,2020-05-26,00:00:00,00:00:00
2088,2020-05-27,00:00:00,00:00:00
2088,2020-05-28,00:00:00,00:00:00
2088,2020-05-29,00:00:00,00:00:00
2088,2020-05-30,00:00:00,00:00:00
2088,2020-05-31,00:00:00,00:00:00
2042,2020-03-17,00:00:00,00:00:00
2042,2020-03-18,00:00:00,00:00:00
2042,2020-03-19,00:00:00,00:00:00
2042,2020-03-20,00:00:00,00:00:00
2042,2020-03-21,00:00:00,00:00:00
2042,2020-03-22,00:00:00,00:00:00
2042,2020-03-23,00:00:00,00:00:00
2042,2020-03-24,00:00:00,00:00:00
2042,2020-03-25,00:00:00,00:00:00
2042,2020-03-26,00:00:00,00:00:00
2042,2020-03-27,00:00:00,00:00:00
2042,2020-03-28,00:00:00,00:00:00
2042,2020-03-29,00:00:00,00:00:00
2042,2020-03-30,00:00:00,00:00:00
2042,2020-03-31,00:00:00,00:00:00
2042,2020-04-01,00:00:00,00:00:00
2042,2020-04-02,00:00:00,00:00:00
2042,2020-04-03,00:00:00,00:00:00
2042,2020-04-04,00:00:00,00:00:00
2042,2020-04-05,00:00:00,00:00:00
2042,2020-04-06,00:00:00,00:00:00
2042,2020-04-07,00:00:00,00:00:00
2042,2020-04-08,00:00:00,00:00:00
2042,2020-04-09,00:00:00,00:00:00
2042,2020-04-10,00:00:00,00:00:00
2042,2020-04-11,00:00:00,00:00:00
2042,2020-04-12,00:00:00,00:00:00
2042,2020-04-13,00:00:00,00:00:00
2042,2020-04-14,00:00:00,00:00:00
2042,2020-04-15,00:00:00,00:00:00
2042,2020-04-16,00:00:00,00:00:00
2042,2020-04-17,00:00:00,00:00:00
2042,2020-04-18,00:00:00,00:00:00
2042,2020-04-19,00:00:00,00:00:00
2042,2020-04-20,00:00:00,00:00:00
2042,2020-04-21,00:00:00,00:00:00
2042,2020-04-22,00:00:00,00:00:00
2042,2020-04-23,00:00:00,00:00:00
2042,2020-04-24,00:00:00,00:00:00
2042,2020-04-25,00:00:00,00:00:00
2042,2020-04-26,00:00:00,00:00:00
2042,2020-04-27,00:00:00,00:00:00
2042,2020-04-28,00:00:00,00:00:00
2042,2020-04-29,00:00:00,00:00:00
2042,2020-04-30,00:00:00,00:00:00
2042,2020-05-01,00:00:00,00:00:00
2042,2020-05-02,00:00:00,00:00:00
2042,2020-05-03,00:00:00,00:00:00
2042,2020-05-04,00:00:00,00:00:00
2042,2020-05-05,00:00:00,00:00:00
2042,2020-05-06,00:00:00,00:00:00
2042,2020-05-07,00:00:00,00:00:00
2042,2020-05-08,00:00:00,00:00:00
2042,2020-05-09,00:00:00,00:00:00
2042,2020-05-10,00:00:00,00:00:00
2042,2020-05-11,00:00:00,00:00:00
2042,2020-05-12,00:00:00,00:00:00
2042,2020-05-13,00:00:00,00:00:00
2042,2020-05-14,00:00:00,00:00:00
2042,2020-05-15,00:00:00,00:00:00
2042,2020-05-16,00:00:00,00:00:00
2042,2020-05-17,00:00:00,00:00:00
2042,2020-05-18,00:00:00,00:00:00
2042,2020-05-19,00:00:00,00:00:00
2042,2020-05-20,00:00:00,00:00:00
2042,2020-05-21,00:00:00,00:00:00
2042,2020-05-22,00:00:00,00:00:00
2042,2020-05-23,00:00:00,00:00:00
2042,2020-05-24,00:00:00,00:00:00
2042,2020-05-25,00:00:00,00:00:00
2042,2020-05-26,00:00:00,00:00:00
2042,2020-05-27,00:00:00,00:00:00
2042,2020-05-28,00:00:00,00:00:00
2042,2020-05-29,00:00:00,00:00:00
2042,2020-05-30,00:00:00,00:00:00
2042,2020-05-31,00:00:00,00:00:00
2123,2020-04-14,00:00:00,00:00:00
2123,2020-04-15,00:00:00,00:00:00
2123,2020-04-16,00:00:00,00:00:00
2123,2020-04-17,00:00:00,00:00:00
2123,2020-04-18,00:00:00,00:00:00
2123,2020-04-19,00:00:00,00:00:00
2123,2020-04-20,00:00:00,00:00:00
2123,2020-04-21,00:00:00,00:00:00
2123,2020-04-22,00:00:00,00:00:00
2123,2020-04-23,00:00:00,00:00:00
2123,2020-04-24,00:00:00,00:00:00
2123,2020-04-25,00:00:00,00:00:00
2123,2020-04-26,00:00:00,00:00:00
2123,2020-04-27,00:00:00,00:00:00
2123,2020-04-28,00:00:00,00:00:00
2123,2020-04-29,00:00:00,00:00:00
2123,2020-04-30,00:00:00,00:00:00
2123,2020-05-01,00:00:00,00:00:00
2123,2020-05-02,00:00:00,00:00:00
2123,2020-05-03,00:00:00,00:00:00
2123,2020-05-04,00:00:00,00:00:00
2123,2020-05-05,00:00:00,00:00:00
2123,2020-05-06,00:00:00,00:00:00
2123,2020-05-07,00:00:00,00:00:00
2123,2020-05-08,00:00:00,00:00:00
2123,2020-05-09,00:00:00,00:00:00
2123,2020-05-10,00:00:00,00:00:00
2123,2020-05-11,00:00:00,00:00:00
2123,2020-05-12,00:00:00,00:00:00
2123,2020-05-13,00:00:00,00:00:00
2123,2020-05-14,00:00:00,00:00:00
2123,2020-05-15,00:00:00,00:00:00
2123,2020-05-16,00:00:00,00:00:00
2123,2020-05-17,00:00:00,00:00:00
2123,2020-05-18,00:00:00,00:00:00
2123,2020-05-19,00:00:00,00:00:00
2123,2020-05-20,00:00:00,00:00:00
2123,2020-05-21,00:00:00,00:00:00
2123,2020-05-22,00:00:00,00:00:00
2123,2020-05-23,00:00:00,00:00:00
2123,2020-05-24,00:00:00,00:00:00
2123,2020-05-25,00:00:00,00:00:00
2123,2020-05-26,00:00:00,00:00:00
2123,2020-05-27,00:00:00,00:00:00
2123,2020-05-28,00:00:00,00:00:00
2123,2020-05-29,00:00:00,00:00:00
2123,2020-05-30,00:00:00,00:00:00
2123,2020-05-31,00:00:00,00:00:00
2038,2020-04-12,00:00:00,00:00:00
2038,2020-04-13,00:00:00,00:00:00
2038,2020-04-14,00:00:00,00:00:00
2038,2020-04-15,00:00:00,00:00:00
2038,2020-04-16,00:00:00,00:00:00
2038,2020-04-17,00:00:00,00:00:00
2038,2020-04-18,00:00:00,00:00:00
2038,2020-04-19,00:00:00,00:00:00
2038,2020-04-20,00:00:00,00:00:00
2038,2020-04-21,00:00:00,00:00:00
2038,2020-04-22,00:00:00,00:00:00
2038,2020-04-23,00:00:00,00:00:00
2038,2020-04-24,00:00:00,00:00:00
2038,2020-04-25,00:00:00,00:00:00
2038,2020-04-26,00:00:00,00:00:00
2038,2020-04-27,00:00:00,00:00:00
2038,2020-04-28,00:00:00,00:00:00
2038,2020-04-29,00:00:00,00:00:00
2038,2020-04-30,00:00:00,00:00:00
2038,2020-05-01,00:00:00,00:00:00
2038,2020-05-02,00:00:00,00:00:00
2038,2020-05-03,00:00:00,00:00:00
2038,2020-05-04,00:00:00,00:00:00
2038,2020-05-05,00:00:00,00:00:00
2038,2020-05-06,00:00:00,00:00:00
2038,2020-05-07,00:00:00,00:00:00
2038,2020-05-08,00:00:00,00:00:00
2038,2020-05-09,00:00:00,00:00:00
2038,2020-05-10,00:00:00,00:00:00
2038,2020-05-11,00:00:00,00:00:00
2038,2020-05-12,00:00:00,00:00:00
2038,2020-05-13,00:00:00,00:00:00
2038,2020-05-14,00:00:00,00:00:00
2038,2020-05-15,00:00:00,00:00:00
2038,2020-05-16,00:00:00,00:00:00
2038,2020-05-17,00:00:00,00:00:00
2038,2020-05-18,00:00:00,00:00:00
2038,2020-05-19,00:00:00,00:00:00
2038,2020-05-20,00:00:00,00:00:00
2038,2020-05-21,00:00:00,00:00:00
2038,2020-05-22,00:00:00,00:00:00
2038,2020-05-23,00:00:00,00:00:00
2038,2020-05-24,00:00:00,00:00:00
2038,2020-05-25,00:00:00,00:00:00
2038,2020-05-26,00:00:00,00:00:00
2038,2020-05-27,00:00:00,00:00:00
2038,2020-05-28,00:00:00,00:00:00
2038,2020-05-29,00:00:00,00:00:00
2038,2020-05-30,00:00:00,00:00:00
2038,2020-05-31,00:00:00,00:00:00
2147,2020-04-13,00:00:00,00:00:00
2147,2020-04-14,00:00:00,00:00:00
2147,2020-04-15,00:00:00,00:00:00
2147,2020-04-16,00:00:00,00:00:00
2147,2020-04-17,00:00:00,00:00:00
2147,2020-04-18,00:00:00,00:00:00
2147,2020-04-19,00:00:00,00:00:00
2147,2020-04-20,00:00:00,00:00:00
2147,2020-04-21,00:00:00,00:00:00
2147,2020-04-22,00:00:00,00:00:00
2147,2020-04-23,00:00:00,00:00:00
2147,2020-04-24,00:00:00,00:00:00
2147,2020-04-25,00:00:00,00:00:00
2147,2020-04-26,00:00:00,00:00:00
2147,2020-04-27,00:00:00,00:00:00
2147,2020-04-28,00:00:00,00:00:00
2147,2020-04-29,00:00:00,00:00:00
2147,2020-04-30,00:00:00,00:00:00
2147,2020-05-01,00:00:00,00:00:00
2147,2020-05-02,00:00:00,00:00:00
2147,2020-05-03,00:00:00,00:00:00
2147,2020-05-04,00:00:00,00:00:00
2147,2020-05-05,00:00:00,00:00:00
2147,2020-05-06,00:00:00,00:00:00
2147,2020-05-07,00:00:00,00:00:00
2147,2020-05-08,00:00:00,00:00:00
2147,2020-05-09,00:00:00,00:00:00
2147,2020-05-10,00:00:00,00:00:00
2147,2020-05-11,00:00:00,00:00:00
2147,2020-05-12,00:00:00,00:00:00
2147,2020-05-13,00:00:00,00:00:00
2147,2020-05-14,00:00:00,00:00:00
2147,2020-05-15,00:00:00,00:00:00
2147,2020-05-16,00:00:00,00:00:00
2147,2020-05-17,00:00:00,00:00:00
2147,2020-05-18,00:00:00,00:00:00
2147,2020-05-19,00:00:00,00:00:00
2147,2020-05-20,00:00:00,00:00:00
2147,2020-05-21,00:00:00,00:00:00
2147,2020-05-22,00:00:00,00:00:00
2147,2020-05-23,00:00:00,00:00:00
2147,2020-05-24,00:00:00,00:00:00
2147,2020-05-25,00:00:00,00:00:00
2147,2020-05-26,00:00:00,00:00:00
2147,2020-05-27,00:00:00,00:00:00
2147,2020-05-28,00:00:00,00:00:00
2147,2020-05-29,00:00:00,00:00:00
2147,2020-05-30,00:00:00,00:00:00
2147,2020-05-31,00:00:00,00:00:00
2223,2020-03-15,00:00:00,00:00:00
2223,2020-03-16,00:00:00,00:00:00
2223,2020-03-17,00:00:00,00:00:00
2223,2020-03-18,00:00:00,00:00:00
2223,2020-03-19,00:00:00,00:00:00
2223,2020-03-20,00:00:00,00:00:00
2223,2020-03-21,00:00:00,00:00:00
2223,2020-03-22,00:00:00,00:00:00
2223,2020-03-23,00:00:00,00:00:00
2223,2020-03-24,00:00:00,00:00:00
2223,2020-03-25,00:00:00,00:00:00
2223,2020-03-26,00:00:00,00:00:00
2223,2020-03-27,00:00:00,00:00:00
2223,2020-03-28,00:00:00,00:00:00
2223,2020-03-29,00:00:00,00:00:00
2223,2020-03-30,00:00:00,00:00:00
2223,2020-03-31,00:00:00,00:00:00
2223,2020-04-01,00:00:00,00:00:00
2223,2020-04-02,00:00:00,00:00:00
2223,2020-04-03,00:00:00,00:00:00
2223,2020-04-04,00:00:00,00:00:00
2223,2020-04-05,00:00:00,00:00:00
2223,2020-04-06,00:00:00,00:00:00
2223,2020-04-07,00:00:00,00:00:00
2223,2020-04-08,00:00:00,00:00:00
2223,2020-04-09,00:00:00,00:00:00
2223,2020-04-10,00:00:00,00:00:00
2223,2020-04-11,00:00:00,00:00:00
2223,2020-04-12,00:00:00,00:00:00
2223,2020-04-13,00:00:00,00:00:00
2223,2020-04-14,00:00:00,00:00:00
2223,2020-04-15,00:00:00,00:00:00
2223,2020-04-16,00:00:00,00:00:00
2223,2020-04-17,00:00:00,00:00:00
2223,2020-04-18,00:00:00,00:00:00
2223,2020-04-19,00:00:00,00:00:00
2223,2020-04-20,00:00:00,00:00:00
2223,2020-04-21,00:00:00,00:00:00
2223,2020-04-22,00:00:00,00:00:00
2223,2020-04-23,00:00:00,00:00:00
2223,2020-04-24,00:00:00,00:00:00
2223,2020-04-25,00:00:00,00:00:00
2223,2020-04-26,00:00:00,00:00:00
2223,2020-04-27,00:00:00,00:00:00
2223,2020-04-28,00:00:00,00:00:00
2223,2020-04-29,00:00:00,00:00:00
2223,2020-04-30,00:00:00,00:00:00
2223,2020-05-01,00:00:00,00:00:00
2223,2020-05-02,00:00:00,00:00:00
2223,2020-05-03,00:00:00,00:00:00
2223,2020-05-04,00:00:00,00:00:00
2223,2020-05-05,00:00:00,00:00:00
2223,2020-05-06,00:00:00,00:00:00
2223,2020-05-07,00:00:00,00:00:00
2223,2020-05-08,00:00:00,00:00:00
2223,2020-05-09,00:00:00,00:00:00
2223,2020-05-10,00:00:00,00:00:00
2223,2020-05-11,00:00:00,00:00:00
2223,2020-05-12,00:00:00,00:00:00
2223,2020-05-13,00:00:00,00:00:00
2223,2020-05-14,00:00:00,00:00:00
2223,2020-05-15,00:00:00,00:00:00
2223,2020-05-16,00:00:00,00:00:00
2223,2020-05-17,00:00:00,00:00:00
2223,2020-05-18,00:00:00,00:00:00
2223,2020-05-19,00:00:00,00:00:00
2223,2020-05-20,00:00:00,00:00:00
2223,2020-05-21,00:00:00,00:00:00
2223,2020-05-22,00:00:00,00:00:00
2223,2020-05-23,00:00:00,00:00:00
2223,2020-05-24,00:00:00,00:00:00
2223,2020-05-25,00:00:00,00:00:00
2223,2020-05-26,00:00:00,00:00:00
2223,2020-05-27,00:00:00,00:00:00
2223,2020-05-28,00:00:00,00:00:00
2223,2020-05-29,00:00:00,00:00:00
2223,2020-05-30,00:00:00,00:00:00
2223,2020-05-31,00:00:00,00:00:00
2032,2019-07-16,00:00:00,00:00:00
2032,2019-07-17,00:00:00,00:00:00
2032,2019-07-18,00:00:00,00:00:00
2032,2019-07-19,00:00:00,00:00:00
2032,2019-07-20,00:00:00,00:00:00
2032,2019-07-21,00:00:00,00:00:00
2032,2019-07-22,00:00:00,00:00:00
2032,2019-07-23,00:00:00,00:00:00
2032,2019-07-24,00:00:00,00:00:00
2032,2019-07-25,00:00:00,00:00:00
2032,2019-07-26,00:00:00,00:00:00
2032,2019-07-27,00:00:00,00:00:00
2032,2019-07-28,00:00:00,00:00:00
2032,2019-07-29,00:00:00,00:00:00
2032,2019-07-30,00:00:00,00:00:00
2032,2019-07-31,00:00:00,00:00:00
2032,2019-08-01,00:00:00,00:00:00
2032,2019-08-02,00:00:00,00:00:00
2032,2019-08-03,00:00:00,00:00:00
2032,2019-08-04,00:00:00,00:00:00
2032,2019-08-05,00:00:00,00:00:00
2032,2019-08-06,00:00:00,00:00:00
2032,2019-08-07,00:00:00,00:00:00
2032,2019-08-08,00:00:00,00:00:00
2032,2019-08-09,00:00:00,00:00:00
2032,2019-08-10,00:00:00,00:00:00
2032,2019-08-11,00:00:00,00:00:00
2032,2019-08-12,00:00:00,00:00:00
2032,2019-08-13,00:00:00,00:00:00
2032,2019-08-14,00:00:00,00:00:00
2032,2019-08-15,00:00:00,00:00:00
2032,2019-08-16,00:00:00,00:00:00
2032,2019-08-17,00:00:00,00:00:00
2032,2019-08-18,00:00:00,00:00:00
2032,2019-08-19,00:00:00,00:00:00
2032,2019-08-20,00:00:00,00:00:00
2032,2019-08-21,00:00:00,00:00:00
2032,2019-08-22,00:00:00,00:00:00
2032,2019-08-23,00:00:00,00:00:00
2032,2019-08-24,00:00:00,00:00:00
2032,2019-08-25,00:00:00,00:00:00
2032,2019-08-26,00:00:00,00:00:00
2032,2019-08-27,00:00:00,00:00:00
2032,2019-08-28,00:00:00,00:00:00
2032,2019-08-29,00:00:00,00:00:00
2032,2019-08-30,00:00:00,00:00:00
2032,2019-08-31,00:00:00,00:00:00
2032,2019-09-01,00:00:00,00:00:00
2032,2019-09-02,00:00:00,00:00:00
2032,2019-09-03,00:00:00,00:00:00
2032,2019-09-04,00:00:00,00:00:00
2032,2019-09-05,00:00:00,00:00:00
2032,2019-09-06,00:00:00,00:00:00
2032,2019-09-07,00:00:00,00:00:00
2032,2019-09-08,00:00:00,00:00:00
2032,2019-09-09,00:00:00,00:00:00
2032,2019-09-10,00:00:00,00:00:00
2032,2019-09-11,00:00:00,00:00:00
2032,2019-09-12,00:00:00,00:00:00
2032,2019-09-13,00:00:00,00:00:00
2032,2019-09-14,00:00:00,00:00:00
2032,2019-09-15,00:00:00,00:00:00
2032,2019-09-16,00:00:00,00:00:00
2032,2019-09-17,00:00:00,00:00:00
2032,2019-09-18,00:00:00,00:00:00
2032,2019-09-19,00:00:00,00:00:00
2032,2019-09-20,00:00:00,00:00:00
2032,2019-09-21,00:00:00,00:00:00
2032,2019-09-22,00:00:00,00:00:00
2032,2019-09-23,00:00:00,00:00:00
2032,2019-09-24,00:00:00,00:00:00
2032,2019-09-25,00:00:00,00:00:00
2032,2019-09-26,00:00:00,00:00:00
2032,2019-09-27,00:00:00,00:00:00
2032,2019-09-28,00:00:00,00:00:00
2032,2019-09-29,00:00:00,00:00:00
2032,2019-09-30,00:00:00,00:00:00
2032,2019-10-01,00:00:00,00:00:00
2032,2019-10-02,00:00:00,00:00:00
2032,2019-10-03,00:00:00,00:00:00
2032,2019-10-04,00:00:00,00:00:00
2032,2019-10-05,00:00:00,00:00:00
2032,2019-10-06,00:00:00,00:00:00
2032,2019-10-07,00:00:00,00:00:00
2032,2019-10-08,00:00:00,00:00:00
2032,2019-10-09,00:00:00,00:00:00
2032,2019-10-10,00:00:00,00:00:00
2032,2019-10-11,00:00:00,00:00:00
2032,2019-10-12,00:00:00,00:00:00
2032,2019-10-13,00:00:00,00:00:00
2032,2019-10-14,00:00:00,00:00:00
2032,2019-10-15,00:00:00,00:00:00
2032,2019-10-16,00:00:00,00:00:00
2032,2019-10-17,00:00:00,00:00:00
2032,2019-10-18,00:00:00,00:00:00
2032,2019-10-19,00:00:00,00:00:00
2032,2019-10-20,00:00:00,00:00:00
2032,2019-10-21,00:00:00,00:00:00
2032,2019-10-22,00:00:00,00:00:00
2032,2019-10-23,00:00:00,00:00:00
2032,2019-10-24,00:00:00,00:00:00
2032,2019-10-25,00:00:00,00:00:00
2032,2019-10-26,00:00:00,00:00:00
2032,2019-10-27,00:00:00,00:00:00
2032,2019-10-28,00:00:00,00:00:00
2032,2019-10-29,00:00:00,00:00:00
2032,2019-10-30,00:00:00,00:00:00
2032,2019-10-31,00:00:00,00:00:00
2032,2019-11-01,00:00:00,00:00:00
2032,2019-11-02,00:00:00,00:00:00
2032,2019-11-03,00:00:00,00:00:00
2032,2019-11-04,00:00:00,00:00:00
2032,2019-11-05,00:00:00,00:00:00
2032,2019-11-06,00:00:00,00:00:00
2032,2019-11-07,00:00:00,00:00:00
2032,2019-11-08,00:00:00,00:00:00
2032,2019-11-09,00:00:00,00:00:00
2032,2019-11-10,00:00:00,00:00:00
2032,2019-11-11,00:00:00,00:00:00
2032,2019-11-12,00:00:00,00:00:00
2032,2019-11-13,00:00:00,00:00:00
2032,2019-11-14,00:00:00,00:00:00
2032,2019-11-15,00:00:00,00:00:00
2032,2019-11-16,00:00:00,00:00:00
2032,2019-11-17,00:00:00,00:00:00
2032,2019-11-18,00:00:00,00:00:00
2032,2019-11-19,00:00:00,00:00:00
2032,2019-11-20,00:00:00,00:00:00
2032,2019-11-21,00:00:00,00:00:00
2032,2019-11-22,00:00:00,00:00:00
2032,2019-11-23,00:00:00,00:00:00
2032,2019-11-24,00:00:00,00:00:00
2032,2019-11-25,00:00:00,00:00:00
2032,2019-11-26,00:00:00,00:00:00
2032,2019-11-27,00:00:00,00:00:00
2032,2019-11-28,00:00:00,00:00:00
2032,2019-11-29,00:00:00,00:00:00
2032,2019-11-30,00:00:00,00:00:00
2032,2019-12-01,00:00:00,00:00:00
2032,2019-12-02,00:00:00,00:00:00
2032,2019-12-03,00:00:00,00:00:00
2032,2019-12-04,00:00:00,00:00:00
2032,2019-12-05,00:00:00,00:00:00
2032,2019-12-06,00:00:00,00:00:00
2032,2019-12-07,00:00:00,00:00:00
2032,2019-12-08,00:00:00,00:00:00
2032,2019-12-09,00:00:00,00:00:00
2032,2019-12-10,00:00:00,00:00:00
2032,2019-12-11,00:00:00,00:00:00
2032,2019-12-12,00:00:00,00:00:00
2032,2019-12-13,00:00:00,00:00:00
2032,2019-12-14,00:00:00,00:00:00
2032,2019-12-15,00:00:00,00:00:00
2032,2019-12-16,00:00:00,00:00:00
2032,2019-12-17,00:00:00,00:00:00
2032,2019-12-18,00:00:00,00:00:00
2032,2019-12-19,00:00:00,00:00:00
2032,2019-12-20,00:00:00,00:00:00
2032,2019-12-21,00:00:00,00:00:00
2032,2019-12-22,00:00:00,00:00:00
2032,2019-12-23,00:00:00,00:00:00
2032,2019-12-24,00:00:00,00:00:00
2032,2019-12-25,00:00:00,00:00:00
2032,2019-12-26,00:00:00,00:00:00
2032,2019-12-27,00:00:00,00:00:00
2032,2019-12-28,00:00:00,00:00:00
2032,2019-12-29,00:00:00,00:00:00
2032,2019-12-30,00:00:00,00:00:00
2032,2019-12-31,00:00:00,00:00:00
2032,2020-01-01,00:00:00,00:00:00
2032,2020-01-02,00:00:00,00:00:00
2032,2020-01-03,00:00:00,00:00:00
2032,2020-01-04,00:00:00,00:00:00
2032,2020-01-05,00:00:00,00:00:00
2032,2020-01-06,00:00:00,00:00:00
2032,2020-01-07,00:00:00,00:00:00
2032,2020-01-08,00:00:00,00:00:00
2032,2020-01-09,00:00:00,00:00:00
2032,2020-01-10,00:00:00,00:00:00
2032,2020-01-11,00:00:00,00:00:00
2032,2020-01-12,00:00:00,00:00:00
2032,2020-01-13,00:00:00,00:00:00
2032,2020-01-14,00:00:00,00:00:00
2032,2020-01-15,00:00:00,00:00:00
2032,2020-01-16,00:00:00,00:00:00
2032,2020-01-17,00:00:00,00:00:00
2032,2020-01-18,00:00:00,00:00:00
2032,2020-01-19,00:00:00,00:00:00
2032,2020-01-20,00:00:00,00:00:00
2032,2020-01-21,00:00:00,00:00:00
2032,2020-01-22,00:00:00,00:00:00
2032,2020-01-23,00:00:00,00:00:00
2032,2020-01-24,00:00:00,00:00:00
2032,2020-01-25,00:00:00,00:00:00
2032,2020-01-26,00:00:00,00:00:00
2032,2020-01-27,00:00:00,00:00:00
2032,2020-01-28,00:00:00,00:00:00
2032,2020-01-29,00:00:00,00:00:00
2032,2020-01-30,00:00:00,00:00:00
2032,2020-01-31,00:00:00,00:00:00
2032,2020-02-01,00:00:00,00:00:00
2032,2020-02-02,00:00:00,00:00:00
2032,2020-02-03,00:00:00,00:00:00
2032,2020-02-04,00:00:00,00:00:00
2032,2020-02-05,00:00:00,00:00:00
2032,2020-02-06,00:00:00,00:00:00
2032,2020-02-07,00:00:00,00:00:00
2032,2020-02-08,00:00:00,00:00:00
2032,2020-02-09,00:00:00,00:00:00
2032,2020-02-10,00:00:00,00:00:00
2032,2020-02-11,00:00:00,00:00:00
2032,2020-02-12,00:00:00,00:00:00
2032,2020-02-13,00:00:00,00:00:00
2032,2020-02-14,00:00:00,00:00:00
2032,2020-02-15,00:00:00,00:00:00
2032,2020-02-16,00:00:00,00:00:00
2032,2020-02-17,00:00:00,00:00:00
2032,2020-02-18,00:00:00,00:00:00
2032,2020-02-19,00:00:00,00:00:00
2032,2020-02-20,00:00:00,00:00:00
2032,2020-02-21,00:00:00,00:00:00
2032,2020-02-22,00:00:00,00:00:00
2032,2020-02-23,00:00:00,00:00:00
2032,2020-02-24,00:00:00,00:00:00
2032,2020-02-25,00:00:00,00:00:00
2032,2020-02-26,00:00:00,00:00:00
2032,2020-02-27,00:00:00,00:00:00
2032,2020-02-28,00:00:00,00:00:00
2032,2020-02-29,00:00:00,00:00:00
2032,2020-03-01,00:00:00,00:00:00
2032,2020-03-02,00:00:00,00:00:00
2032,2020-03-03,00:00:00,00:00:00
2032,2020-03-04,00:00:00,00:00:00
2032,2020-03-05,00:00:00,00:00:00
2032,2020-03-06,00:00:00,00:00:00
2032,2020-03-07,00:00:00,00:00:00
2032,2020-03-08,00:00:00,00:00:00
2032,2020-03-09,00:00:00,00:00:00
2032,2020-03-10,00:00:00,00:00:00
2032,2020-03-11,00:00:00,00:00:00
2032,2020-03-12,00:00:00,00:00:00
2032,2020-03-13,00:00:00,00:00:00
2032,2020-03-14,00:00:00,00:00:00
2032,2020-03-15,00:00:00,00:00:00
2032,2020-03-16,00:00:00,00:00:00
2032,2020-03-17,00:00:00,00:00:00
2032,2020-03-18,00:00:00,00:00:00
2032,2020-03-19,00:00:00,00:00:00
2032,2020-03-20,00:00:00,00:00:00
2032,2020-03-21,00:00:00,00:00:00
2032,2020-03-22,00:00:00,00:00:00
2032,2020-03-23,00:00:00,00:00:00
2032,2020-03-24,00:00:00,00:00:00
2032,2020-03-25,00:00:00,00:00:00
2032,2020-03-26,00:00:00,00:00:00
2032,2020-03-27,00:00:00,00:00:00
2032,2020-03-28,00:00:00,00:00:00
2032,2020-03-29,00:00:00,00:00:00
2032,2020-03-30,00:00:00,00:00:00
2032,2020-03-31,00:00:00,00:00:00
2032,2020-04-01,00:00:00,00:00:00
2032,2020-04-02,00:00:00,00:00:00
2032,2020-04-03,00:00:00,00:00:00
2032,2020-04-04,00:00:00,00:00:00
2032,2020-04-05,00:00:00,00:00:00
2032,2020-04-06,00:00:00,00:00:00
2032,2020-04-07,00:00:00,00:00:00
2032,2020-04-08,00:00:00,00:00:00
2032,2020-04-09,00:00:00,00:00:00
2032,2020-04-10,00:00:00,00:00:00
2032,2020-04-11,00:00:00,00:00:00
2032,2020-04-12,00:00:00,00:00:00
2032,2020-04-13,00:00:00,00:00:00
2032,2020-04-14,00:00:00,00:00:00
2032,2020-04-15,00:00:00,00:00:00
2032,2020-04-16,00:00:00,00:00:00
2032,2020-04-17,00:00:00,00:00:00
2032,2020-04-18,00:00:00,00:00:00
2032,2020-04-19,00:00:00,00:00:00
2032,2020-04-20,00:00:00,00:00:00
2032,2020-04-21,00:00:00,00:00:00
2032,2020-04-22,00:00:00,00:00:00
2032,2020-04-23,00:00:00,00:00:00
2032,2020-04-24,00:00:00,00:00:00
2032,2020-04-25,00:00:00,00:00:00
2032,2020-04-26,00:00:00,00:00:00
2032,2020-04-27,00:00:00,00:00:00
2032,2020-04-28,00:00:00,00:00:00
2032,2020-04-29,00:00:00,00:00:00
2032,2020-04-30,00:00:00,00:00:00
2032,2020-05-01,00:00:00,00:00:00
2032,2020-05-02,00:00:00,00:00:00
2032,2020-05-03,00:00:00,00:00:00
2032,2020-05-04,00:00:00,00:00:00
2032,2020-05-05,00:00:00,00:00:00
2032,2020-05-06,00:00:00,00:00:00
2032,2020-05-07,00:00:00,00:00:00
2032,2020-05-08,00:00:00,00:00:00
2032,2020-05-09,00:00:00,00:00:00
2032,2020-05-10,00:00:00,00:00:00
2032,2020-05-11,00:00:00,00:00:00
2032,2020-05-12,00:00:00,00:00:00
2032,2020-05-13,00:00:00,00:00:00
2032,2020-05-14,00:00:00,00:00:00
2032,2020-05-15,00:00:00,00:00:00
2032,2020-05-16,00:00:00,00:00:00
2032,2020-05-17,00:00:00,00:00:00
2032,2020-05-18,00:00:00,00:00:00
2032,2020-05-19,00:00:00,00:00:00
2032,2020-05-20,00:00:00,00:00:00
2032,2020-05-21,00:00:00,00:00:00
2032,2020-05-22,00:00:00,00:00:00
2032,2020-05-23,00:00:00,00:00:00
2032,2020-05-24,00:00:00,00:00:00
2032,2020-05-25,00:00:00,00:00:00
2032,2020-05-26,00:00:00,00:00:00
2032,2020-05-27,00:00:00,00:00:00
2032,2020-05-28,00:00:00,00:00:00
2032,2020-05-29,00:00:00,00:00:00
2032,2020-05-30,00:00:00,00:00:00
2032,2020-05-31,00:00:00,00:00:00
2021,2020-03-23,00:00:00,00:00:00
2021,2020-03-24,00:00:00,00:00:00
2021,2020-03-25,00:00:00,00:00:00
2021,2020-03-26,00:00:00,00:00:00
2021,2020-03-27,00:00:00,00:00:00
2021,2020-03-28,00:00:00,00:00:00
2021,2020-03-29,00:00:00,00:00:00
2021,2020-03-30,00:00:00,00:00:00
2021,2020-03-31,00:00:00,00:00:00
2021,2020-04-01,00:00:00,00:00:00
2021,2020-04-02,00:00:00,00:00:00
2021,2020-04-03,00:00:00,00:00:00
2021,2020-04-04,00:00:00,00:00:00
2021,2020-04-05,00:00:00,00:00:00
2021,2020-04-06,00:00:00,00:00:00
2021,2020-04-07,00:00:00,00:00:00
2021,2020-04-08,00:00:00,00:00:00
2021,2020-04-09,00:00:00,00:00:00
2021,2020-04-10,00:00:00,00:00:00
2021,2020-04-11,00:00:00,00:00:00
2021,2020-04-12,00:00:00,00:00:00
2021,2020-04-13,00:00:00,00:00:00
2021,2020-04-14,00:00:00,00:00:00
2021,2020-04-15,00:00:00,00:00:00
2021,2020-04-16,00:00:00,00:00:00
2021,2020-04-17,00:00:00,00:00:00
2021,2020-04-18,00:00:00,00:00:00
2021,2020-04-19,00:00:00,00:00:00
2021,2020-04-20,00:00:00,00:00:00
2021,2020-04-21,00:00:00,00:00:00
2021,2020-04-22,00:00:00,00:00:00
2021,2020-04-23,00:00:00,00:00:00
2021,2020-04-24,00:00:00,00:00:00
2021,2020-04-25,00:00:00,00:00:00
2021,2020-04-26,00:00:00,00:00:00
2021,2020-04-27,00:00:00,00:00:00
2021,2020-04-28,00:00:00,00:00:00
2021,2020-04-29,00:00:00,00:00:00
2021,2020-04-30,00:00:00,00:00:00
2021,2020-05-01,00:00:00,00:00:00
2021,2020-05-02,00:00:00,00:00:00
2021,2020-05-03,00:00:00,00:00:00
2021,2020-05-04,00:00:00,00:00:00
2021,2020-05-05,00:00:00,00:00:00
2021,2020-05-06,00:00:00,00:00:00
2021,2020-05-07,00:00:00,00:00:00
2021,2020-05-08,00:00:00,00:00:00
2021,2020-05-09,00:00:00,00:00:00
2021,2020-05-10,00:00:00,00:00:00
2021,2020-05-11,00:00:00,00:00:00
2021,2020-05-12,00:00:00,00:00:00
2021,2020-05-13,00:00:00,00:00:00
2021,2020-05-14,00:00:00,00:00:00
2021,2020-05-15,00:00:00,00:00:00
2021,2020-05-16,00:00:00,00:00:00
2021,2020-05-17,00:00:00,00:00:00
2021,2020-05-18,00:00:00,00:00:00
2021,2020-05-19,00:00:00,00:00:00
2021,2020-05-20,00:00:00,00:00:00
2021,2020-05-21,00:00:00,00:00:00
2021,2020-05-22,00:00:00,00:00:00
2021,2020-05-23,00:00:00,00:00:00
2021,2020-05-24,00:00:00,00:00:00
2021,2020-05-25,00:00:00,00:00:00
2021,2020-05-26,00:00:00,00:00:00
2021,2020-05-27,00:00:00,00:00:00
2021,2020-05-28,00:00:00,00:00:00
2021,2020-05-29,00:00:00,00:00:00
2021,2020-05-30,00:00:00,00:00:00
2021,2020-05-31,00:00:00,00:00:00
8002,2020-04-06,00:00:00,00:00:00
8002,2020-04-07,00:00:00,00:00:00
8002,2020-04-08,00:00:00,00:00:00
8002,2020-04-09,00:00:00,00:00:00
8002,2020-04-10,00:00:00,00:00:00
8002,2020-04-11,00:00:00,00:00:00
8002,2020-04-12,00:00:00,00:00:00
8002,2020-04-13,00:00:00,00:00:00
8002,2020-04-14,00:00:00,00:00:00
8002,2020-04-15,00:00:00,00:00:00
8002,2020-04-16,00:00:00,00:00:00
8002,2020-04-17,00:00:00,00:00:00
8002,2020-04-18,00:00:00,00:00:00
8002,2020-04-19,00:00:00,00:00:00
8002,2020-04-20,00:00:00,00:00:00
8002,2020-04-21,00:00:00,00:00:00
8002,2020-04-22,00:00:00,00:00:00
8002,2020-04-23,00:00:00,00:00:00
8002,2020-04-24,00:00:00,00:00:00
8002,2020-04-25,00:00:00,00:00:00
8002,2020-04-26,00:00:00,00:00:00
8002,2020-04-27,00:00:00,00:00:00
8002,2020-04-28,00:00:00,00:00:00
8002,2020-04-29,00:00:00,00:00:00
8002,2020-04-30,00:00:00,00:00:00
8002,2020-05-01,00:00:00,00:00:00
8002,2020-05-02,00:00:00,00:00:00
8002,2020-05-03,00:00:00,00:00:00
8002,2020-05-04,00:00:00,00:00:00
8002,2020-05-05,00:00:00,00:00:00
8002,2020-05-06,00:00:00,00:00:00
8002,2020-05-07,00:00:00,00:00:00
8002,2020-05-08,00:00:00,00:00:00
8002,2020-05-09,00:00:00,00:00:00
8002,2020-05-10,00:00:00,00:00:00
8002,2020-05-11,00:00:00,00:00:00
8002,2020-05-12,00:00:00,00:00:00
8002,2020-05-13,00:00:00,00:00:00
8002,2020-05-14,00:00:00,00:00:00
8002,2020-05-15,00:00:00,00:00:00
8002,2020-05-16,00:00:00,00:00:00
8002,2020-05-17,00:00:00,00:00:00
8002,2020-05-18,00:00:00,00:00:00
8002,2020-05-19,00:00:00,00:00:00
8002,2020-05-20,00:00:00,00:00:00
8002,2020-05-21,00:00:00,00:00:00
8002,2020-05-22,00:00:00,00:00:00
8002,2020-05-23,00:00:00,00:00:00
8002,2020-05-24,00:00:00,00:00:00
8002,2020-05-25,00:00:00,00:00:00
8002,2020-05-26,00:00:00,00:00:00
8002,2020-05-27,00:00:00,00:00:00
8002,2020-05-28,00:00:00,00:00:00
8002,2020-05-29,00:00:00,00:00:00
8002,2020-05-30,00:00:00,00:00:00
8002,2020-05-31,00:00:00,00:00:00
2063,2020-04-12,00:00:00,00:00:00
2063,2020-04-13,00:00:00,00:00:00
2063,2020-04-14,00:00:00,00:00:00
2063,2020-04-15,00:00:00,00:00:00
2063,2020-04-16,00:00:00,00:00:00
2063,2020-04-17,00:00:00,00:00:00
2063,2020-04-18,00:00:00,00:00:00
2063,2020-04-19,00:00:00,00:00:00
2063,2020-04-20,00:00:00,00:00:00
2063,2020-04-21,00:00:00,00:00:00
2063,2020-04-22,00:00:00,00:00:00
2063,2020-04-23,00:00:00,00:00:00
2063,2020-04-24,00:00:00,00:00:00
2063,2020-04-25,00:00:00,00:00:00
2063,2020-04-26,00:00:00,00:00:00
2063,2020-04-27,00:00:00,00:00:00
2063,2020-04-28,00:00:00,00:00:00
2063,2020-04-29,00:00:00,00:00:00
2063,2020-04-30,00:00:00,00:00:00
2063,2020-05-01,00:00:00,00:00:00
2063,2020-05-02,00:00:00,00:00:00
2063,2020-05-03,00:00:00,00:00:00
2063,2020-05-04,00:00:00,00:00:00
2063,2020-05-05,00:00:00,00:00:00
2063,2020-05-06,00:00:00,00:00:00
2063,2020-05-07,00:00:00,00:00:00
2063,2020-05-08,00:00:00,00:00:00
2063,2020-05-09,00:00:00,00:00:00
2063,2020-05-10,00:00:00,00:00:00
2063,2020-05-11,00:00:00,00:00:00
2063,2020-05-12,00:00:00,00:00:00
2063,2020-05-13,00:00:00,00:00:00
2063,2020-05-14,00:00:00,00:00:00
2063,2020-05-15,00:00:00,00:00:00
2063,2020-05-16,00:00:00,00:00:00
2063,2020-05-17,00:00:00,00:00:00
2063,2020-05-18,00:00:00,00:00:00
2063,2020-05-19,00:00:00,00:00:00
2063,2020-05-20,00:00:00,00:00:00
2063,2020-05-21,00:00:00,00:00:00
2063,2020-05-22,00:00:00,00:00:00
2063,2020-05-23,00:00:00,00:00:00
2063,2020-05-24,00:00:00,00:00:00
2063,2020-05-25,00:00:00,00:00:00
2063,2020-05-26,00:00:00,00:00:00
2063,2020-05-27,00:00:00,00:00:00
2063,2020-05-28,00:00:00,00:00:00
2063,2020-05-29,00:00:00,00:00:00
2063,2020-05-30,00:00:00,00:00:00
2063,2020-05-31,00:00:00,00:00:00
2100,2020-04-12,00:00:00,00:00:00
2100,2020-04-13,00:00:00,00:00:00
2100,2020-04-14,00:00:00,00:00:00
2100,2020-04-15,00:00:00,00:00:00
2100,2020-04-16,00:00:00,00:00:00
2100,2020-04-17,00:00:00,00:00:00
2100,2020-04-18,00:00:00,00:00:00
2100,2020-04-19,00:00:00,00:00:00
2100,2020-04-20,00:00:00,00:00:00
2100,2020-04-21,00:00:00,00:00:00
2100,2020-04-22,00:00:00,00:00:00
2100,2020-04-23,00:00:00,00:00:00
2100,2020-04-24,00:00:00,00:00:00
2100,2020-04-25,00:00:00,00:00:00
2100,2020-04-26,00:00:00,00:00:00
2100,2020-04-27,00:00:00,00:00:00
2100,2020-04-28,00:00:00,00:00:00
2100,2020-04-29,00:00:00,00:00:00
2100,2020-04-30,00:00:00,00:00:00
2100,2020-05-01,00:00:00,00:00:00
2100,2020-05-02,00:00:00,00:00:00
2100,2020-05-03,00:00:00,00:00:00
2100,2020-05-04,00:00:00,00:00:00
2100,2020-05-05,00:00:00,00:00:00
2100,2020-05-06,00:00:00,00:00:00
2100,2020-05-07,00:00:00,00:00:00
2100,2020-05-08,00:00:00,00:00:00
2100,2020-05-09,00:00:00,00:00:00
2100,2020-05-10,00:00:00,00:00:00
2100,2020-05-11,00:00:00,00:00:00
2100,2020-05-12,00:00:00,00:00:00
2100,2020-05-13,00:00:00,00:00:00
2100,2020-05-14,00:00:00,00:00:00
2100,2020-05-15,00:00:00,00:00:00
2100,2020-05-16,00:00:00,00:00:00
2100,2020-05-17,00:00:00,00:00:00
2100,2020-05-18,00:00:00,00:00:00
2100,2020-05-19,00:00:00,00:00:00
2100,2020-05-20,00:00:00,00:00:00
2100,2020-05-21,00:00:00,00:00:00
2100,2020-05-22,00:00:00,00:00:00
2100,2020-05-23,00:00:00,00:00:00
2100,2020-05-24,00:00:00,00:00:00
2100,2020-05-25,00:00:00,00:00:00
2100,2020-05-26,00:00:00,00:00:00
2100,2020-05-27,00:00:00,00:00:00
2100,2020-05-28,00:00:00,00:00:00
2100,2020-05-29,00:00:00,00:00:00
2100,2020-05-30,00:00:00,00:00:00
2100,2020-05-31,00:00:00,00:00:00
2177,2020-04-07,00:00:00,00:00:00
2177,2020-04-08,00:00:00,00:00:00
2177,2020-04-09,00:00:00,00:00:00
2177,2020-04-10,00:00:00,00:00:00
2177,2020-04-11,00:00:00,00:00:00
2177,2020-04-12,00:00:00,00:00:00
2177,2020-04-13,00:00:00,00:00:00
2177,2020-04-14,00:00:00,00:00:00
2177,2020-04-15,00:00:00,00:00:00
2177,2020-04-16,00:00:00,00:00:00
2177,2020-04-17,00:00:00,00:00:00
2177,2020-04-18,00:00:00,00:00:00
2177,2020-04-19,00:00:00,00:00:00
2177,2020-04-20,00:00:00,00:00:00
2177,2020-04-21,00:00:00,00:00:00
2177,2020-04-22,00:00:00,00:00:00
2177,2020-04-23,00:00:00,00:00:00
2177,2020-04-24,00:00:00,00:00:00
2177,2020-04-25,00:00:00,00:00:00
2177,2020-04-26,00:00:00,00:00:00
2177,2020-04-27,00:00:00,00:00:00
2177,2020-04-28,00:00:00,00:00:00
2177,2020-04-29,00:00:00,00:00:00
2177,2020-04-30,00:00:00,00:00:00
2177,2020-05-01,00:00:00,00:00:00
2177,2020-05-02,00:00:00,00:00:00
2177,2020-05-03,00:00:00,00:00:00
2177,2020-05-04,00:00:00,00:00:00
2177,2020-05-05,00:00:00,00:00:00
2177,2020-05-06,00:00:00,00:00:00
2177,2020-05-07,00:00:00,00:00:00
2177,2020-05-08,00:00:00,00:00:00
2177,2020-05-09,00:00:00,00:00:00
2177,2020-05-10,00:00:00,00:00:00
2177,2020-05-11,00:00:00,00:00:00
2177,2020-05-12,00:00:00,00:00:00
2177,2020-05-13,00:00:00,00:00:00
2177,2020-05-14,00:00:00,00:00:00
2177,2020-05-15,00:00:00,00:00:00
2177,2020-05-16,00:00:00,00:00:00
2177,2020-05-17,00:00:00,00:00:00
2177,2020-05-18,00:00:00,00:00:00
2177,2020-05-19,00:00:00,00:00:00
2177,2020-05-20,00:00:00,00:00:00
2177,2020-05-21,00:00:00,00:00:00
2177,2020-05-22,00:00:00,00:00:00
2177,2020-05-23,00:00:00,00:00:00
2177,2020-05-24,00:00:00,00:00:00
2177,2020-05-25,00:00:00,00:00:00
2177,2020-05-26,00:00:00,00:00:00
2177,2020-05-27,00:00:00,00:00:00
2177,2020-05-28,00:00:00,00:00:00
2177,2020-05-29,00:00:00,00:00:00
2177,2020-05-30,00:00:00,00:00:00
2177,2020-05-31,00:00:00,00:00:00
2067,2020-04-07,00:00:00,00:00:00
2067,2020-04-08,00:00:00,00:00:00
2067,2020-04-09,00:00:00,00:00:00
2067,2020-04-10,00:00:00,00:00:00
2067,2020-04-11,00:00:00,00:00:00
2067,2020-04-12,00:00:00,00:00:00
2067,2020-04-13,00:00:00,00:00:00
2067,2020-04-14,00:00:00,00:00:00
2067,2020-04-15,00:00:00,00:00:00
2067,2020-04-16,00:00:00,00:00:00
2067,2020-04-17,00:00:00,00:00:00
2067,2020-04-18,00:00:00,00:00:00
2067,2020-04-19,00:00:00,00:00:00
2067,2020-04-20,00:00:00,00:00:00
2067,2020-04-21,00:00:00,00:00:00
2067,2020-04-22,00:00:00,00:00:00
2067,2020-04-23,00:00:00,00:00:00
2067,2020-04-24,00:00:00,00:00:00
2067,2020-04-25,00:00:00,00:00:00
2067,2020-04-26,00:00:00,00:00:00
2067,2020-04-27,00:00:00,00:00:00
2067,2020-04-28,00:00:00,00:00:00
2067,2020-04-29,00:00:00,00:00:00
2067,2020-04-30,00:00:00,00:00:00
2067,2020-05-01,00:00:00,00:00:00
2067,2020-05-02,00:00:00,00:00:00
2067,2020-05-03,00:00:00,00:00:00
2067,2020-05-04,00:00:00,00:00:00
2067,2020-05-05,00:00:00,00:00:00
2067,2020-05-06,00:00:00,00:00:00
2067,2020-05-07,00:00:00,00:00:00
2067,2020-05-08,00:00:00,00:00:00
2067,2020-05-09,00:00:00,00:00:00
2067,2020-05-10,00:00:00,00:00:00
2067,2020-05-11,00:00:00,00:00:00
2067,2020-05-12,00:00:00,00:00:00
2067,2020-05-13,00:00:00,00:00:00
2067,2020-05-14,00:00:00,00:00:00
2067,2020-05-15,00:00:00,00:00:00
2067,2020-05-16,00:00:00,00:00:00
2067,2020-05-17,00:00:00,00:00:00
2067,2020-05-18,00:00:00,00:00:00
2067,2020-05-19,00:00:00,00:00:00
2067,2020-05-20,00:00:00,00:00:00
2067,2020-05-21,00:00:00,00:00:00
2067,2020-05-22,00:00:00,00:00:00
2067,2020-05-23,00:00:00,00:00:00
2067,2020-05-24,00:00:00,00:00:00
2067,2020-05-25,00:00:00,00:00:00
2067,2020-05-26,00:00:00,00:00:00
2067,2020-05-27,00:00:00,00:00:00
2067,2020-05-28,00:00:00,00:00:00
2067,2020-05-29,00:00:00,00:00:00
2067,2020-05-30,00:00:00,00:00:00
2067,2020-05-31,00:00:00,00:00:00
2082,2020-04-12,00:00:00,00:00:00
2082,2020-04-13,00:00:00,00:00:00
2082,2020-04-14,00:00:00,00:00:00
2082,2020-04-15,00:00:00,00:00:00
2082,2020-04-16,00:00:00,00:00:00
2082,2020-04-17,00:00:00,00:00:00
2082,2020-04-18,00:00:00,00:00:00
2082,2020-04-19,00:00:00,00:00:00
2082,2020-04-20,00:00:00,00:00:00
2082,2020-04-21,00:00:00,00:00:00
2082,2020-04-22,00:00:00,00:00:00
2082,2020-04-23,00:00:00,00:00:00
2082,2020-04-24,00:00:00,00:00:00
2082,2020-04-25,00:00:00,00:00:00
2082,2020-04-26,00:00:00,00:00:00
2082,2020-04-27,00:00:00,00:00:00
2082,2020-04-28,00:00:00,00:00:00
2082,2020-04-29,00:00:00,00:00:00
2082,2020-04-30,00:00:00,00:00:00
2082,2020-05-01,00:00:00,00:00:00
2082,2020-05-02,00:00:00,00:00:00
2082,2020-05-03,00:00:00,00:00:00
2082,2020-05-04,00:00:00,00:00:00
2082,2020-05-05,00:00:00,00:00:00
2082,2020-05-06,00:00:00,00:00:00
2082,2020-05-07,00:00:00,00:00:00
2082,2020-05-08,00:00:00,00:00:00
2082,2020-05-09,00:00:00,00:00:00
2082,2020-05-10,00:00:00,00:00:00
2082,2020-05-11,00:00:00,00:00:00
2082,2020-05-12,00:00:00,00:00:00
2082,2020-05-13,00:00:00,00:00:00
2082,2020-05-14,00:00:00,00:00:00
2082,2020-05-15,00:00:00,00:00:00
2082,2020-05-16,00:00:00,00:00:00
2082,2020-05-17,00:00:00,00:00:00
2082,2020-05-18,00:00:00,00:00:00
2082,2020-05-19,00:00:00,00:00:00
2082,2020-05-20,00:00:00,00:00:00
2082,2020-05-21,00:00:00,00:00:00
2082,2020-05-22,00:00:00,00:00:00
2082,2020-05-23,00:00:00,00:00:00
2082,2020-05-24,00:00:00,00:00:00
2082,2020-05-25,00:00:00,00:00:00
2082,2020-05-26,00:00:00,00:00:00
2082,2020-05-27,00:00:00,00:00:00
2082,2020-05-28,00:00:00,00:00:00
2082,2020-05-29,00:00:00,00:00:00
2082,2020-05-30,00:00:00,00:00:00
2082,2020-05-31,00:00:00,00:00:00
2138,2020-04-12,00:00:00,00:00:00
2138,2020-04-13,00:00:00,00:00:00
2138,2020-04-14,00:00:00,00:00:00
2138,2020-04-15,00:00:00,00:00:00
2138,2020-04-16,00:00:00,00:00:00
2138,2020-04-17,00:00:00,00:00:00
2138,2020-04-18,00:00:00,00:00:00
2138,2020-04-19,00:00:00,00:00:00
2138,2020-04-20,00:00:00,00:00:00
2138,2020-04-21,00:00:00,00:00:00
2138,2020-04-22,00:00:00,00:00:00
2138,2020-04-23,00:00:00,00:00:00
2138,2020-04-24,00:00:00,00:00:00
2138,2020-04-25,00:00:00,00:00:00
2138,2020-04-26,00:00:00,00:00:00
2138,2020-04-27,00:00:00,00:00:00
2138,2020-04-28,00:00:00,00:00:00
2138,2020-04-29,00:00:00,00:00:00
2138,2020-04-30,00:00:00,00:00:00
2138,2020-05-01,00:00:00,00:00:00
2138,2020-05-02,00:00:00,00:00:00
2138,2020-05-03,00:00:00,00:00:00
2138,2020-05-04,00:00:00,00:00:00
2138,2020-05-05,00:00:00,00:00:00
2138,2020-05-06,00:00:00,00:00:00
2138,2020-05-07,00:00:00,00:00:00
2138,2020-05-08,00:00:00,00:00:00
2138,2020-05-09,00:00:00,00:00:00
2138,2020-05-10,00:00:00,00:00:00
2138,2020-05-11,00:00:00,00:00:00
2138,2020-05-12,00:00:00,00:00:00
2138,2020-05-13,00:00:00,00:00:00
2138,2020-05-14,00:00:00,00:00:00
2138,2020-05-15,00:00:00,00:00:00
2138,2020-05-16,00:00:00,00:00:00
2138,2020-05-17,00:00:00,00:00:00
2138,2020-05-18,00:00:00,00:00:00
2138,2020-05-19,00:00:00,00:00:00
2138,2020-05-20,00:00:00,00:00:00
2138,2020-05-21,00:00:00,00:00:00
2138,2020-05-22,00:00:00,00:00:00
2138,2020-05-23,00:00:00,00:00:00
2138,2020-05-24,00:00:00,00:00:00
2138,2020-05-25,00:00:00,00:00:00
2138,2020-05-26,00:00:00,00:00:00
2138,2020-05-27,00:00:00,00:00:00
2138,2020-05-28,00:00:00,00:00:00
2138,2020-05-29,00:00:00,00:00:00
2138,2020-05-30,00:00:00,00:00:00
2138,2020-05-31,00:00:00,00:00:00
2194,2020-03-22,00:00:00,00:00:00
2194,2020-03-23,00:00:00,00:00:00
2194,2020-03-24,00:00:00,00:00:00
2194,2020-03-25,00:00:00,00:00:00
2194,2020-03-26,00:00:00,00:00:00
2194,2020-03-27,00:00:00,00:00:00
2194,2020-03-28,00:00:00,00:00:00
2194,2020-03-29,00:00:00,00:00:00
2194,2020-03-30,00:00:00,00:00:00
2194,2020-03-31,00:00:00,00:00:00
2194,2020-04-01,00:00:00,00:00:00
2194,2020-04-02,00:00:00,00:00:00
2194,2020-04-03,00:00:00,00:00:00
2194,2020-04-04,00:00:00,00:00:00
2194,2020-04-05,00:00:00,00:00:00
2194,2020-04-06,00:00:00,00:00:00
2194,2020-04-07,00:00:00,00:00:00
2194,2020-04-08,00:00:00,00:00:00
2194,2020-04-09,00:00:00,00:00:00
2194,2020-04-10,00:00:00,00:00:00
2194,2020-04-11,00:00:00,00:00:00
2194,2020-04-12,00:00:00,00:00:00
2194,2020-04-13,00:00:00,00:00:00
2194,2020-04-14,00:00:00,00:00:00
2194,2020-04-15,00:00:00,00:00:00
2194,2020-04-16,00:00:00,00:00:00
2194,2020-04-17,00:00:00,00:00:00
2194,2020-04-18,00:00:00,00:00:00
2194,2020-04-19,00:00:00,00:00:00
2194,2020-04-20,00:00:00,00:00:00
2194,2020-04-21,00:00:00,00:00:00
2194,2020-04-22,00:00:00,00:00:00
2194,2020-04-23,00:00:00,00:00:00
2194,2020-04-24,00:00:00,00:00:00
2194,2020-04-25,00:00:00,00:00:00
2194,2020-04-26,00:00:00,00:00:00
2194,2020-04-27,00:00:00,00:00:00
2194,2020-04-28,00:00:00,00:00:00
2194,2020-04-29,00:00:00,00:00:00
2194,2020-04-30,00:00:00,00:00:00
2194,2020-05-01,00:00:00,00:00:00
2194,2020-05-02,00:00:00,00:00:00
2194,2020-05-03,00:00:00,00:00:00
2194,2020-05-04,00:00:00,00:00:00
2194,2020-05-05,00:00:00,00:00:00
2194,2020-05-06,00:00:00,00:00:00
2194,2020-05-07,00:00:00,00:00:00
2194,2020-05-08,00:00:00,00:00:00
2194,2020-05-09,00:00:00,00:00:00
2194,2020-05-10,00:00:00,00:00:00
2194,2020-05-11,00:00:00,00:00:00
2194,2020-05-12,00:00:00,00:00:00
2194,2020-05-13,00:00:00,00:00:00
2194,2020-05-14,00:00:00,00:00:00
2194,2020-05-15,00:00:00,00:00:00
2194,2020-05-16,00:00:00,00:00:00
2194,2020-05-17,00:00:00,00:00:00
2194,2020-05-18,00:00:00,00:00:00
2194,2020-05-19,00:00:00,00:00:00
2194,2020-05-20,00:00:00,00:00:00
2194,2020-05-21,00:00:00,00:00:00
2194,2020-05-22,00:00:00,00:00:00
2194,2020-05-23,00:00:00,00:00:00
2194,2020-05-24,00:00:00,00:00:00
2194,2020-05-25,00:00:00,00:00:00
2194,2020-05-26,00:00:00,00:00:00
2194,2020-05-27,00:00:00,00:00:00
2194,2020-05-28,00:00:00,00:00:00
2194,2020-05-29,00:00:00,00:00:00
2194,2020-05-30,00:00:00,00:00:00
2194,2020-05-31,00:00:00,00:00:00
2234,2020-04-12,00:00:00,00:00:00
2234,2020-04-13,00:00:00,00:00:00
2234,2020-04-14,00:00:00,00:00:00
2234,2020-04-15,00:00:00,00:00:00
2234,2020-04-16,00:00:00,00:00:00
2234,2020-04-17,00:00:00,00:00:00
2234,2020-04-18,00:00:00,00:00:00
2234,2020-04-19,00:00:00,00:00:00
2234,2020-04-20,00:00:00,00:00:00
2234,2020-04-21,00:00:00,00:00:00
2234,2020-04-22,00:00:00,00:00:00
2234,2020-04-23,00:00:00,00:00:00
2234,2020-04-24,00:00:00,00:00:00
2234,2020-04-25,00:00:00,00:00:00
2234,2020-04-26,00:00:00,00:00:00
2234,2020-04-27,00:00:00,00:00:00
2234,2020-04-28,00:00:00,00:00:00
2234,2020-04-29,00:00:00,00:00:00
2234,2020-04-30,00:00:00,00:00:00
2234,2020-05-01,00:00:00,00:00:00
2234,2020-05-02,00:00:00,00:00:00
2234,2020-05-03,00:00:00,00:00:00
2234,2020-05-04,00:00:00,00:00:00
2234,2020-05-05,00:00:00,00:00:00
2234,2020-05-06,00:00:00,00:00:00
2234,2020-05-07,00:00:00,00:00:00
2234,2020-05-08,00:00:00,00:00:00
2234,2020-05-09,00:00:00,00:00:00
2234,2020-05-10,00:00:00,00:00:00
2234,2020-05-11,00:00:00,00:00:00
2234,2020-05-12,00:00:00,00:00:00
2234,2020-05-13,00:00:00,00:00:00
2234,2020-05-14,00:00:00,00:00:00
2234,2020-05-15,00:00:00,00:00:00
2234,2020-05-16,00:00:00,00:00:00
2234,2020-05-17,00:00:00,00:00:00
2234,2020-05-18,00:00:00,00:00:00
2234,2020-05-19,00:00:00,00:00:00
2234,2020-05-20,00:00:00,00:00:00
2234,2020-05-21,00:00:00,00:00:00
2234,2020-05-22,00:00:00,00:00:00
2234,2020-05-23,00:00:00,00:00:00
2234,2020-05-24,00:00:00,00:00:00
2234,2020-05-25,00:00:00,00:00:00
2234,2020-05-26,00:00:00,00:00:00
2234,2020-05-27,00:00:00,00:00:00
2234,2020-05-28,00:00:00,00:00:00
2234,2020-05-29,00:00:00,00:00:00
2234,2020-05-30,00:00:00,00:00:00
2234,2020-05-31,00:00:00,00:00:00
2148,2020-03-05,00:00:00,00:00:00
2148,2020-03-06,00:00:00,00:00:00
2148,2020-03-07,00:00:00,00:00:00
2148,2020-03-08,00:00:00,00:00:00
2148,2020-03-09,00:00:00,00:00:00
2148,2020-03-10,00:00:00,00:00:00
2148,2020-03-11,00:00:00,00:00:00
2148,2020-03-12,00:00:00,00:00:00
2148,2020-03-13,00:00:00,00:00:00
2148,2020-03-14,00:00:00,00:00:00
2148,2020-03-15,00:00:00,00:00:00
2148,2020-03-16,00:00:00,00:00:00
2148,2020-03-17,00:00:00,00:00:00
2148,2020-03-18,00:00:00,00:00:00
2148,2020-03-19,00:00:00,00:00:00
2148,2020-03-20,00:00:00,00:00:00
2148,2020-03-21,00:00:00,00:00:00
2148,2020-03-22,00:00:00,00:00:00
2148,2020-03-23,00:00:00,00:00:00
2148,2020-03-24,00:00:00,00:00:00
2148,2020-03-25,00:00:00,00:00:00
2148,2020-03-26,00:00:00,00:00:00
2148,2020-03-27,00:00:00,00:00:00
2148,2020-03-28,00:00:00,00:00:00
2148,2020-03-29,00:00:00,00:00:00
2148,2020-03-30,00:00:00,00:00:00
2148,2020-03-31,00:00:00,00:00:00
2148,2020-04-01,00:00:00,00:00:00
2148,2020-04-02,00:00:00,00:00:00
2148,2020-04-03,00:00:00,00:00:00
2148,2020-04-04,00:00:00,00:00:00
2148,2020-04-05,00:00:00,00:00:00
2148,2020-04-06,00:00:00,00:00:00
2148,2020-04-07,00:00:00,00:00:00
2148,2020-04-08,00:00:00,00:00:00
2148,2020-04-09,00:00:00,00:00:00
2148,2020-04-10,00:00:00,00:00:00
2148,2020-04-11,00:00:00,00:00:00
2148,2020-04-12,00:00:00,00:00:00
2148,2020-04-13,00:00:00,00:00:00
2148,2020-04-14,00:00:00,00:00:00
2148,2020-04-15,00:00:00,00:00:00
2148,2020-04-16,00:00:00,00:00:00
2148,2020-04-17,00:00:00,00:00:00
2148,2020-04-18,00:00:00,00:00:00
2148,2020-04-19,00:00:00,00:00:00
2148,2020-04-20,00:00:00,00:00:00
2148,2020-04-21,00:00:00,00:00:00
2148,2020-04-22,00:00:00,00:00:00
2148,2020-04-23,00:00:00,00:00:00
2148,2020-04-24,00:00:00,00:00:00
2148,2020-04-25,00:00:00,00:00:00
2148,2020-04-26,00:00:00,00:00:00
2148,2020-04-27,00:00:00,00:00:00
2148,2020-04-28,00:00:00,00:00:00
2148,2020-04-29,00:00:00,00:00:00
2148,2020-04-30,00:00:00,00:00:00
2148,2020-05-01,00:00:00,00:00:00
2148,2020-05-02,00:00:00,00:00:00
2148,2020-05-03,00:00:00,00:00:00
2148,2020-05-04,00:00:00,00:00:00
2148,2020-05-05,00:00:00,00:00:00
2148,2020-05-06,00:00:00,00:00:00
2148,2020-05-07,00:00:00,00:00:00
2148,2020-05-08,00:00:00,00:00:00
2148,2020-05-09,00:00:00,00:00:00
2148,2020-05-10,00:00:00,00:00:00
2148,2020-05-11,00:00:00,00:00:00
2148,2020-05-12,00:00:00,00:00:00
2148,2020-05-13,00:00:00,00:00:00
2148,2020-05-14,00:00:00,00:00:00
2148,2020-05-15,00:00:00,00:00:00
2148,2020-05-16,00:00:00,00:00:00
2148,2020-05-17,00:00:00,00:00:00
2148,2020-05-18,00:00:00,00:00:00
2148,2020-05-19,00:00:00,00:00:00
2148,2020-05-20,00:00:00,00:00:00
2148,2020-05-21,00:00:00,00:00:00
2148,2020-05-22,00:00:00,00:00:00
2148,2020-05-23,00:00:00,00:00:00
2148,2020-05-24,00:00:00,00:00:00
2148,2020-05-25,00:00:00,00:00:00
2148,2020-05-26,00:00:00,00:00:00
2148,2020-05-27,00:00:00,00:00:00
2148,2020-05-28,00:00:00,00:00:00
2148,2020-05-29,00:00:00,00:00:00
2148,2020-05-30,00:00:00,00:00:00
2148,2020-05-31,00:00:00,00:00:00
2172,2020-03-18,00:00:00,00:00:00
2172,2020-03-19,00:00:00,00:00:00
2172,2020-03-20,00:00:00,00:00:00
2172,2020-03-21,00:00:00,00:00:00
2172,2020-03-22,00:00:00,00:00:00
2172,2020-03-23,00:00:00,00:00:00
2172,2020-03-24,00:00:00,00:00:00
2172,2020-03-25,00:00:00,00:00:00
2172,2020-03-26,00:00:00,00:00:00
2172,2020-03-27,00:00:00,00:00:00
2172,2020-03-28,00:00:00,00:00:00
2172,2020-03-29,00:00:00,00:00:00
2172,2020-03-30,00:00:00,00:00:00
2172,2020-03-31,00:00:00,00:00:00
2172,2020-04-01,00:00:00,00:00:00
2172,2020-04-02,00:00:00,00:00:00
2172,2020-04-03,00:00:00,00:00:00
2172,2020-04-04,00:00:00,00:00:00
2172,2020-04-05,00:00:00,00:00:00
2172,2020-04-06,00:00:00,00:00:00
2172,2020-04-07,00:00:00,00:00:00
2172,2020-04-08,00:00:00,00:00:00
2172,2020-04-09,00:00:00,00:00:00
2172,2020-04-10,00:00:00,00:00:00
2172,2020-04-11,00:00:00,00:00:00
2172,2020-04-12,00:00:00,00:00:00
2172,2020-04-13,00:00:00,00:00:00
2172,2020-04-14,00:00:00,00:00:00
2172,2020-04-15,00:00:00,00:00:00
2172,2020-04-16,00:00:00,00:00:00
2172,2020-04-17,00:00:00,00:00:00
2172,2020-04-18,00:00:00,00:00:00
2172,2020-04-19,00:00:00,00:00:00
2172,2020-04-20,00:00:00,00:00:00
2172,2020-04-21,00:00:00,00:00:00
2172,2020-04-22,00:00:00,00:00:00
2172,2020-04-23,00:00:00,00:00:00
2172,2020-04-24,00:00:00,00:00:00
2172,2020-04-25,00:00:00,00:00:00
2172,2020-04-26,00:00:00,00:00:00
2172,2020-04-27,00:00:00,00:00:00
2172,2020-04-28,00:00:00,00:00:00
2172,2020-04-29,00:00:00,00:00:00
2172,2020-04-30,00:00:00,00:00:00
2172,2020-05-01,00:00:00,00:00:00
2172,2020-05-02,00:00:00,00:00:00
2172,2020-05-03,00:00:00,00:00:00
2172,2020-05-04,00:00:00,00:00:00
2172,2020-05-05,00:00:00,00:00:00
2172,2020-05-06,00:00:00,00:00:00
2172,2020-05-07,00:00:00,00:00:00
2172,2020-05-08,00:00:00,00:00:00
2172,2020-05-09,00:00:00,00:00:00
2172,2020-05-10,00:00:00,00:00:00
2172,2020-05-11,00:00:00,00:00:00
2172,2020-05-12,00:00:00,00:00:00
2172,2020-05-13,00:00:00,00:00:00
2172,2020-05-14,00:00:00,00:00:00
2172,2020-05-15,00:00:00,00:00:00
2172,2020-05-16,00:00:00,00:00:00
2172,2020-05-17,00:00:00,00:00:00
2172,2020-05-18,00:00:00,00:00:00
2172,2020-05-19,00:00:00,00:00:00
2172,2020-05-20,00:00:00,00:00:00
2172,2020-05-21,00:00:00,00:00:00
2172,2020-05-22,00:00:00,00:00:00
2172,2020-05-23,00:00:00,00:00:00
2172,2020-05-24,00:00:00,00:00:00
2172,2020-05-25,00:00:00,00:00:00
2172,2020-05-26,00:00:00,00:00:00
2172,2020-05-27,00:00:00,00:00:00
2172,2020-05-28,00:00:00,00:00:00
2172,2020-05-29,00:00:00,00:00:00
2172,2020-05-30,00:00:00,00:00:00
2172,2020-05-31,00:00:00,00:00:00
8502,2020-03-26,00:00:00,00:00:00
8502,2020-03-27,00:00:00,00:00:00
8502,2020-03-28,00:00:00,00:00:00
8502,2020-03-29,00:00:00,00:00:00
8502,2020-03-30,00:00:00,00:00:00
8502,2020-03-31,00:00:00,00:00:00
8502,2020-04-01,00:00:00,00:00:00
8502,2020-04-02,00:00:00,00:00:00
8502,2020-04-03,00:00:00,00:00:00
8502,2020-04-04,00:00:00,00:00:00
8502,2020-04-05,00:00:00,00:00:00
8502,2020-04-06,00:00:00,00:00:00
8502,2020-04-07,00:00:00,00:00:00
8502,2020-04-08,00:00:00,00:00:00
8502,2020-04-09,00:00:00,00:00:00
8502,2020-04-10,00:00:00,00:00:00
8502,2020-04-11,00:00:00,00:00:00
8502,2020-04-12,00:00:00,00:00:00
8502,2020-04-13,00:00:00,00:00:00
8502,2020-04-14,00:00:00,00:00:00
8502,2020-04-15,00:00:00,00:00:00
8502,2020-04-16,00:00:00,00:00:00
8502,2020-04-17,00:00:00,00:00:00
8502,2020-04-18,00:00:00,00:00:00
8502,2020-04-19,00:00:00,00:00:00
8502,2020-04-20,00:00:00,00:00:00
8502,2020-04-21,00:00:00,00:00:00
8502,2020-04-22,00:00:00,00:00:00
8502,2020-04-23,00:00:00,00:00:00
8502,2020-04-24,00:00:00,00:00:00
8502,2020-04-25,00:00:00,00:00:00
8502,2020-04-26,00:00:00,00:00:00
8502,2020-04-27,00:00:00,00:00:00
8502,2020-04-28,00:00:00,00:00:00
8502,2020-04-29,00:00:00,00:00:00
8502,2020-04-30,00:00:00,00:00:00
8502,2020-05-01,00:00:00,00:00:00
8502,2020-05-02,00:00:00,00:00:00
8502,2020-05-03,00:00:00,00:00:00
8502,2020-05-04,00:00:00,00:00:00
8502,2020-05-05,00:00:00,00:00:00
8502,2020-05-06,00:00:00,00:00:00
8502,2020-05-07,00:00:00,00:00:00
8502,2020-05-08,00:00:00,00:00:00
8502,2020-05-09,00:00:00,00:00:00
8502,2020-05-10,00:00:00,00:00:00
8502,2020-05-11,00:00:00,00:00:00
8502,2020-05-12,00:00:00,00:00:00
8502,2020-05-13,00:00:00,00:00:00
8502,2020-05-14,00:00:00,00:00:00
8502,2020-05-15,00:00:00,00:00:00
8502,2020-05-16,00:00:00,00:00:00
8502,2020-05-17,00:00:00,00:00:00
8502,2020-05-18,00:00:00,00:00:00
8502,2020-05-19,00:00:00,00:00:00
8502,2020-05-20,00:00:00,00:00:00
8502,2020-05-21,00:00:00,00:00:00
8502,2020-05-22,00:00:00,00:00:00
8502,2020-05-23,00:00:00,00:00:00
8502,2020-05-24,00:00:00,00:00:00
8502,2020-05-25,00:00:00,00:00:00
8502,2020-05-26,00:00:00,00:00:00
8502,2020-05-27,00:00:00,00:00:00
8502,2020-05-28,00:00:00,00:00:00
8502,2020-05-29,00:00:00,00:00:00
8502,2020-05-30,00:00:00,00:00:00
8502,2020-05-31,00:00:00,00:00:00
5395,2020-03-26,00:00:00,00:00:00
5395,2020-03-27,00:00:00,00:00:00
5395,2020-03-28,00:00:00,00:00:00
5395,2020-03-29,00:00:00,00:00:00
5395,2020-03-30,00:00:00,00:00:00
5395,2020-03-31,00:00:00,00:00:00
5395,2020-04-01,00:00:00,00:00:00
5395,2020-04-02,00:00:00,00:00:00
5395,2020-04-03,00:00:00,00:00:00
5395,2020-04-04,00:00:00,00:00:00
5395,2020-04-05,00:00:00,00:00:00
5395,2020-04-06,00:00:00,00:00:00
5395,2020-04-07,00:00:00,00:00:00
5395,2020-04-08,00:00:00,00:00:00
5395,2020-04-09,00:00:00,00:00:00
5395,2020-04-10,00:00:00,00:00:00
5395,2020-04-11,00:00:00,00:00:00
5395,2020-04-12,00:00:00,00:00:00
5395,2020-04-13,00:00:00,00:00:00
5395,2020-04-14,00:00:00,00:00:00
5395,2020-04-15,00:00:00,00:00:00
5395,2020-04-16,00:00:00,00:00:00
5395,2020-04-17,00:00:00,00:00:00
5395,2020-04-18,00:00:00,00:00:00
5395,2020-04-19,00:00:00,00:00:00
5395,2020-04-20,00:00:00,00:00:00
5395,2020-04-21,00:00:00,00:00:00
5395,2020-04-22,00:00:00,00:00:00
5395,2020-04-23,00:00:00,00:00:00
5395,2020-04-24,00:00:00,00:00:00
5395,2020-04-25,00:00:00,00:00:00
5395,2020-04-26,00:00:00,00:00:00
5395,2020-04-27,00:00:00,00:00:00
5395,2020-04-28,00:00:00,00:00:00
5395,2020-04-29,00:00:00,00:00:00
5395,2020-04-30,00:00:00,00:00:00
5395,2020-05-01,00:00:00,00:00:00
5395,2020-05-02,00:00:00,00:00:00
5395,2020-05-03,00:00:00,00:00:00
5395,2020-05-04,00:00:00,00:00:00
5395,2020-05-05,00:00:00,00:00:00
5395,2020-05-06,00:00:00,00:00:00
5395,2020-05-07,00:00:00,00:00:00
5395,2020-05-08,00:00:00,00:00:00
5395,2020-05-09,00:00:00,00:00:00
5395,2020-05-10,00:00:00,00:00:00
5395,2020-05-11,00:00:00,00:00:00
5395,2020-05-12,00:00:00,00:00:00
5395,2020-05-13,00:00:00,00:00:00
5395,2020-05-14,00:00:00,00:00:00
5395,2020-05-15,00:00:00,00:00:00
5395,2020-05-16,00:00:00,00:00:00
5395,2020-05-17,00:00:00,00:00:00
5395,2020-05-18,00:00:00,00:00:00
5395,2020-05-19,00:00:00,00:00:00
5395,2020-05-20,00:00:00,00:00:00
5395,2020-05-21,00:00:00,00:00:00
5395,2020-05-22,00:00:00,00:00:00
5395,2020-05-23,00:00:00,00:00:00
5395,2020-05-24,00:00:00,00:00:00
5395,2020-05-25,00:00:00,00:00:00
5395,2020-05-26,00:00:00,00:00:00
5395,2020-05-27,00:00:00,00:00:00
5395,2020-05-28,00:00:00,00:00:00
5395,2020-05-29,00:00:00,00:00:00
5395,2020-05-30,00:00:00,00:00:00
5395,2020-05-31,00:00:00,00:00:00
5386,2020-03-26,00:00:00,00:00:00
5386,2020-03-27,00:00:00,00:00:00
5386,2020-03-28,00:00:00,00:00:00
5386,2020-03-29,00:00:00,00:00:00
5386,2020-03-30,00:00:00,00:00:00
5386,2020-03-31,00:00:00,00:00:00
5386,2020-04-01,00:00:00,00:00:00
5386,2020-04-02,00:00:00,00:00:00
5386,2020-04-03,00:00:00,00:00:00
5386,2020-04-04,00:00:00,00:00:00
5386,2020-04-05,00:00:00,00:00:00
5386,2020-04-06,00:00:00,00:00:00
5386,2020-04-07,00:00:00,00:00:00
5386,2020-04-08,00:00:00,00:00:00
5386,2020-04-09,00:00:00,00:00:00
5386,2020-04-10,00:00:00,00:00:00
5386,2020-04-11,00:00:00,00:00:00
5386,2020-04-12,00:00:00,00:00:00
5386,2020-04-13,00:00:00,00:00:00
5386,2020-04-14,00:00:00,00:00:00
5386,2020-04-15,00:00:00,00:00:00
5386,2020-04-16,00:00:00,00:00:00
5386,2020-04-17,00:00:00,00:00:00
5386,2020-04-18,00:00:00,00:00:00
5386,2020-04-19,00:00:00,00:00:00
5386,2020-04-20,00:00:00,00:00:00
5386,2020-04-21,00:00:00,00:00:00
5386,2020-04-22,00:00:00,00:00:00
5386,2020-04-23,00:00:00,00:00:00
5386,2020-04-24,00:00:00,00:00:00
5386,2020-04-25,00:00:00,00:00:00
5386,2020-04-26,00:00:00,00:00:00
5386,2020-04-27,00:00:00,00:00:00
5386,2020-04-28,00:00:00,00:00:00
5386,2020-04-29,00:00:00,00:00:00
5386,2020-04-30,00:00:00,00:00:00
5386,2020-05-01,00:00:00,00:00:00
5386,2020-05-02,00:00:00,00:00:00
5386,2020-05-03,00:00:00,00:00:00
5386,2020-05-04,00:00:00,00:00:00
5386,2020-05-05,00:00:00,00:00:00
5386,2020-05-06,00:00:00,00:00:00
5386,2020-05-07,00:00:00,00:00:00
5386,2020-05-08,00:00:00,00:00:00
5386,2020-05-09,00:00:00,00:00:00
5386,2020-05-10,00:00:00,00:00:00
5386,2020-05-11,00:00:00,00:00:00
5386,2020-05-12,00:00:00,00:00:00
5386,2020-05-13,00:00:00,00:00:00
5386,2020-05-14,00:00:00,00:00:00
5386,2020-05-15,00:00:00,00:00:00
5386,2020-05-16,00:00:00,00:00:00
5386,2020-05-17,00:00:00,00:00:00
5386,2020-05-18,00:00:00,00:00:00
5386,2020-05-19,00:00:00,00:00:00
5386,2020-05-20,00:00:00,00:00:00
5386,2020-05-21,00:00:00,00:00:00
5386,2020-05-22,00:00:00,00:00:00
5386,2020-05-23,00:00:00,00:00:00
5386,2020-05-24,00:00:00,00:00:00
5386,2020-05-25,00:00:00,00:00:00
5386,2020-05-26,00:00:00,00:00:00
5386,2020-05-27,00:00:00,00:00:00
5386,2020-05-28,00:00:00,00:00:00
5386,2020-05-29,00:00:00,00:00:00
5386,2020-05-30,00:00:00,00:00:00
5386,2020-05-31,00:00:00,00:00:00
